Activity,Country,Date,IP,Port,Status Code,Timestamp
PortScan,Indonesia,2018-04-30,110.137.65.0,445,090,00:10:02
PortScan,Indonesia,2018-04-30,110.137.65.0,445,275,00:11:51
PortScan,Indonesia,2018-04-30,121.100.17.194,445,823,01:03:44
PortScan,Indonesia,2018-04-30,121.100.17.194,445,249,01:05:33
IMAIL_STAGE2,United States,2018-04-30,159.65.175.241,25,159,01:08:47
PortScan,Indonesia,2018-04-30,36.81.41.136,445,177,01:32:37
PortScan,Indonesia,2018-04-30,36.81.41.136,445,751,01:34:25
PortScan,Indonesia,2018-04-30,203.153.125.13,445,218,01:54:57
PortScan,Japan,2018-04-30,139.162.99.243,25,986,02:00:47
IMAIL_STAGE2,United States,2018-04-30,167.99.73.205,25,373,02:14:49
PortScan,Japan,2018-04-30,139.162.109.245,143,623,02:17:38
PortScan,Turkey,2018-04-30,84.51.39.161,445,356,02:40:00
PortScan,Turkey,2018-04-30,84.51.39.161,445,426,02:41:51
PortScan,United States,2018-04-30,107.170.237.137,1080,062,04:08:10
PortScan,China,2018-04-30,218.65.124.96,445,119,04:10:19
PortScan,China,2018-04-30,218.65.124.96,445,265,04:12:10
IMAIL_STAGE2,Seychelles,2018-04-30,89.248.160.156,25,702,04:12:24
PortScan,Paraguay,2018-04-30,181.40.66.61,445,133,16:04:35
PortScan,Paraguay,2018-04-30,181.40.66.61,445,189,16:06:26
PortScan,India,2018-04-30,49.206.214.90,445,599,16:21:35
PortScan,India,2018-04-30,49.206.214.90,445,791,16:23:26
PortScan,Kazakhstan,2018-04-30,84.240.248.142,445,200,16:30:55
PortScan,Kazakhstan,2018-04-30,84.240.248.142,445,276,16:32:44
"SLMAIL_STAGE1, MDAEMON_STAGE1",United States,2018-04-30,196.52.43.130,110,867,18:52:10
IIS_STAGE1,Japan,2018-04-30,139.162.78.135,443,697,18:58:15
IMAIL_STAGE2,United States,2018-04-30,167.99.73.205,25,413,19:28:59
IMAIL_STAGE2,United States,2018-04-30,107.170.226.138,25,422,21:18:26
PortScan,Brazil,2018-04-30,187.59.79.190,445,260,21:53:39
PortScan,Brazil,2018-04-30,187.59.79.190,445,588,21:55:27
PortScan,Brazil,2018-04-30,189.15.62.33,445,391,22:15:32
PortScan,Brazil,2018-04-30,189.15.62.33,445,733,22:17:20
PortScan,Hong Kong,2018-04-30,221.127.9.220,445,081,23:11:57
PortScan,Vietnam,2018-04-30,137.59.45.1,445,745,23:59:17
PortScan,Brazil,2018-05-04,187.120.222.2,445,603,00:18:55
PortScan,Brazil,2018-05-04,187.120.222.2,445,096,00:20:45
PortScan,India,2018-05-04,122.176.161.28,445,046,00:27:58
PortScan,India,2018-05-04,122.176.161.28,445,783,00:29:47
PortScan,Bangladesh,2018-05-04,103.84.38.158,445,238,00:33:15
PortScan,Bangladesh,2018-05-04,103.84.38.158,445,685,00:35:03
PortScan,Bangladesh,2018-05-04,103.84.38.158,445,808,00:35:45
PortScan,Bangladesh,2018-05-04,103.84.38.158,445,776,00:37:36
PortScan,Russian Federation,2018-05-04,188.244.6.96,445,668,00:47:34
PortScan,Russian Federation,2018-05-04,188.244.6.96,445,463,00:49:25
"SLMAIL_STAGE1, MDAEMON_STAGE1",Seychelles,2018-05-04,80.82.70.118,110,526,00:52:37
IMAIL_STAGE1,Costa Rica,2018-05-04,143.137.151.100,25,715,01:02:23
PortScan,Philippines,2018-05-04,124.106.83.114,445,299,01:52:48
PortScan,Russian Federation,2018-05-04,178.161.128.246,445,117,01:53:03
PortScan,Philippines,2018-05-04,124.106.83.114,445,641,01:54:36
PortScan,Russian Federation,2018-05-04,178.161.128.246,445,154,01:54:54
PortScan,Japan,2018-05-04,139.162.102.46,3128,856,02:04:25
MYDOOM_STAGE1,Japan,2018-05-04,139.162.102.46,3128,996,02:04:25
PortScan,Russian Federation,2018-05-04,178.161.128.246,445,502,02:09:03
PortScan,Russian Federation,2018-05-04,178.161.128.246,445,542,02:10:54
PortScan,Russian Federation,2018-05-04,85.95.162.21,445,865,02:49:13
PortScan,Russian Federation,2018-05-04,85.95.162.21,445,619,02:51:02
PortScan,United States,2018-05-04,196.52.43.59,143,905,03:38:29
PortScan,Vietnam,2018-05-04,1.55.46.191,445,592,04:20:15
PortScan,Vietnam,2018-05-04,1.55.46.191,445,964,04:22:03
PortScan,India,2018-05-04,103.216.236.92,445,289,04:33:41
PortScan,India,2018-05-04,103.216.236.92,445,956,04:35:30
PortScan,Venezuela,2018-05-04,200.93.83.133,445,734,05:01:42
PortScan,Venezuela,2018-05-04,200.93.83.133,445,832,05:03:33
PortScan,Taiwan,2018-05-04,122.121.232.101,445,795,05:27:13
PortScan,Taiwan,2018-05-04,122.121.232.101,445,202,05:29:02
PortScan,Vietnam,2018-05-04,14.162.145.110,445,718,06:04:10
PortScan,Vietnam,2018-05-04,14.162.145.110,445,363,06:05:59
PortScan,Iraq,2018-05-04,89.46.203.226,445,804,06:09:47
PortScan,Iraq,2018-05-04,89.46.203.226,445,911,06:11:38
PortScan,United States,2018-05-04,196.52.43.97,139,237,06:24:29
PortScan,Hong Kong,2018-05-04,164.52.24.142,445,570,06:47:24
PortScan,Kyrgyzstan,2018-05-04,89.237.195.69,445,607,07:09:03
PortScan,United States,2018-05-04,196.52.43.52,5000,875,07:51:26
PortScan,Dominican Republic,2018-05-04,186.150.207.207,445,472,08:07:02
PortScan,Dominican Republic,2018-05-04,186.150.207.207,445,377,08:08:53
PortScan,India,2018-05-04,103.103.52.142,445,273,08:15:24
PortScan,India,2018-05-04,103.103.52.142,445,037,08:17:14
PortScan,Nigeria,2018-05-04,197.255.160.239,445,643,08:24:21
PortScan,Nigeria,2018-05-04,197.255.160.239,445,272,08:26:11
PortScan,India,2018-05-04,117.254.84.122,445,395,09:45:16
PortScan,United States,2018-05-04,45.34.17.12,445,882,10:10:05
PortScan,Venezuela,2018-05-04,186.89.96.190,445,533,10:39:55
PortScan,Brazil,2018-05-04,179.126.142.248,445,108,10:39:56
PortScan,Brazil,2018-05-04,179.126.142.248,445,433,10:41:44
PortScan,Venezuela,2018-05-04,186.89.96.190,445,999,10:41:44
PortScan,Vietnam,2018-05-04,118.68.61.52,445,145,11:11:47
PortScan,Vietnam,2018-05-04,118.68.61.52,445,598,11:13:35
PortScan,United States,2018-05-04,196.52.43.86,445,640,11:30:52
PortScan,Saudi Arabia,2018-05-04,5.108.143.27,445,301,11:53:20
PortScan,Saudi Arabia,2018-05-04,5.108.143.27,445,404,11:55:11
PortScan,Vietnam,2018-05-04,117.6.55.182,445,170,12:09:33
PortScan,Vietnam,2018-05-04,117.6.55.182,445,023,12:11:22
PortScan,Ireland,2018-05-04,185.234.217.61,25,018,12:30:12
PortScan,Egypt,2018-05-04,164.160.104.35,445,904,13:24:34
PortScan,Egypt,2018-05-04,164.160.104.35,445,515,13:26:24
PortScan,United States,2018-05-04,107.189.52.4,445,049,13:38:06
MYDOOM_STAGE1,China,2018-05-04,60.191.38.77,1080,980,13:52:02
MYDOOM_STAGE1,China,2018-05-04,60.191.38.77,1080,017,13:52:03
PortScan,Turkey,2018-05-04,78.186.197.49,445,593,14:45:37
PortScan,Turkey,2018-05-04,78.186.197.49,445,219,14:47:26
PortScan,Turkey,2018-05-04,185.136.204.222,445,834,15:25:44
IMAIL_STAGE2,Seychelles,2018-05-04,89.248.169.103,25,797,15:43:49
PortScan,Japan,2018-05-04,139.162.109.245,143,604,15:44:31
IIS_STAGE1,China,2018-05-04,27.193.62.218,443,916,16:49:22
IIS_STAGE1,China,2018-05-04,27.193.62.218,443,815,16:49:23
IIS_STAGE1,China,2018-05-04,27.193.62.218,443,261,16:49:24
"SLMAIL_STAGE1, MDAEMON_STAGE1",United States,2018-05-04,196.52.43.115,110,873,17:28:58
"SLMAIL_STAGE1, MDAEMON_STAGE1",United States,2018-05-04,196.52.43.84,110,692,17:31:31
"SLMAIL_STAGE1, MDAEMON_STAGE1",United States,2018-05-04,107.170.235.15,110,238,17:58:07
PortScan,Brazil,2018-04-10,189.44.88.59,445,561,00:01:19
PortScan,Vietnam,2018-04-10,115.78.0.64,445,760,00:07:03
PortScan,Turkey,2018-04-10,195.175.76.34,445,742,00:07:31
PortScan,Vietnam,2018-04-10,115.78.0.64,445,651,00:08:56
PortScan,Canada,2018-04-10,207.35.211.2,445,639,00:12:34
PortScan,Canada,2018-04-10,207.35.211.2,445,366,00:14:28
PortScan,Unknown,2018-04-10,103.108.204.84,445,698,00:20:12
PortScan,Unknown,2018-04-10,103.108.204.84,445,256,00:22:09
PortScan,Ukraine,2018-04-10,37.115.35.24,445,354,10:08:14
PortScan,United States,2018-04-10,107.170.239.61,135,338,10:08:18
PortScan,Ukraine,2018-04-10,37.115.35.24,445,828,10:10:06
IMAIL_STAGE2,United States,2018-04-10,209.126.136.4,587,341,10:50:16
PortScan,United States,2018-04-10,205.134.170.75,445,056,10:54:35
PortScan,Taiwan,2018-04-10,218.35.63.40,445,145,11:13:08
PortScan,Philippines,2018-04-10,112.210.199.139,445,087,11:28:54
PortScan,United States,2018-04-10,107.170.193.249,139,871,11:47:50
PortScan,Brazil,2018-04-10,200.199.142.163,445,073,11:53:14
PortScan,Indonesia,2018-04-10,112.215.65.117,445,881,11:53:58
PortScan,Indonesia,2018-04-10,112.215.65.117,445,623,11:55:52
PortScan,Vietnam,2018-04-10,116.110.202.234,445,067,12:14:18
PortScan,United States,2018-04-10,107.170.193.178,143,265,12:29:01
PortScan,United States,2018-04-10,71.6.146.185,587,700,12:49:50
PortScan,Turkey,2018-04-10,88.227.11.237,445,737,13:15:06
PortScan,Mexico,2018-04-10,201.149.67.170,445,796,13:16:39
PortScan,Indonesia,2018-04-10,110.138.96.186,445,737,13:36:57
PortScan,Indonesia,2018-04-10,110.138.96.186,445,223,13:38:51
PortScan,Uzbekistan,2018-04-10,84.54.96.104,445,966,14:30:31
PortScan,Uzbekistan,2018-04-10,84.54.96.104,445,097,14:32:25
PortScan,India,2018-04-10,114.79.175.162,445,131,14:38:18
PortScan,Venezuela,2018-04-10,190.203.180.62,445,998,14:42:38
PortScan,Venezuela,2018-04-10,190.203.180.62,445,022,14:44:32
PortScan,China,2018-04-10,218.0.62.64,445,632,15:00:42
PortScan,Venezuela,2018-04-10,186.166.136.156,445,291,15:20:42
PortScan,India,2018-04-10,182.76.133.10,445,640,15:24:02
PortScan,India,2018-04-10,182.76.133.10,445,443,15:25:56
PortScan,Turkey,2018-04-10,85.111.77.177,445,773,16:08:52
PortScan,Turkey,2018-04-10,85.111.77.177,445,802,16:10:48
PortScan,Pakistan,2018-04-10,203.130.25.54,445,053,16:12:29
PortScan,Indonesia,2018-04-10,36.74.122.30,445,438,19:54:00
PortScan,United Kingdom,2018-04-10,109.169.22.73,445,124,19:55:15
PortScan,Egypt,2018-04-10,196.219.92.101,445,670,20:27:54
PortScan,United States,2018-04-10,64.239.193.128,445,393,20:37:58
PortScan,United States,2018-04-10,64.239.193.128,445,145,20:39:49
PortScan,Taiwan,2018-04-10,123.192.115.116,445,674,21:10:18
PortScan,Taiwan,2018-04-10,123.192.115.116,445,996,21:12:06
PortScan,Turkey,2018-04-10,213.14.250.182,445,346,21:29:23
PortScan,Turkey,2018-04-10,213.14.250.182,445,387,21:31:14
PortScan,Ethiopia,2018-04-10,213.55.92.81,445,558,21:34:03
PortScan,Ethiopia,2018-04-10,213.55.92.81,445,651,21:35:54
PortScan,Indonesia,2018-04-10,202.182.52.249,445,837,22:43:34
PortScan,Indonesia,2018-04-10,202.182.52.249,445,927,22:45:25
PortScan,Philippines,2018-04-10,124.83.102.190,445,373,23:06:50
PortScan,Philippines,2018-04-10,124.83.102.190,445,215,23:08:38
PortScan,United States,2018-04-10,47.203.88.161,1080,658,23:12:31
PortScan,United States,2018-04-10,47.203.88.161,3128,706,23:12:32
MYDOOM_STAGE1,United States,2018-04-10,47.203.88.161,1080,464,23:12:38
MYDOOM_STAGE1,United States,2018-04-10,47.203.88.161,1080,557,23:12:38
MYDOOM_STAGE1,United States,2018-04-10,47.203.88.161,1080,641,23:12:38
MYDOOM_STAGE1,United States,2018-04-10,47.203.88.161,3128,422,23:12:39
MYDOOM_STAGE1,United States,2018-04-10,47.203.88.161,3128,517,23:12:39
MYDOOM_STAGE1,United States,2018-04-10,47.203.88.161,3128,601,23:12:39
PortScan,Venezuela,2018-04-10,190.198.229.248,445,848,23:22:57
PortScan,Venezuela,2018-04-10,190.198.229.248,445,158,23:24:46
PortScan,Indonesia,2018-04-10,110.136.156.39,445,291,23:30:09
PortScan,Indonesia,2018-04-10,110.136.156.39,445,341,23:31:58
PortScan,Russian Federation,2018-04-10,46.175.98.113,445,279,23:32:07
PortScan,Vietnam,2018-04-10,113.190.254.206,445,876,23:48:40
PortScan,Vietnam,2018-05-01,137.59.45.1,445,894,00:01:08
PortScan,Kuwait,2018-05-01,62.215.128.61,445,437,00:30:08
PortScan,Kuwait,2018-05-01,62.215.128.61,445,113,00:31:57
PortScan,United States,2018-05-01,196.52.43.64,445,567,00:54:27
PortScan,Vietnam,2018-05-01,123.25.30.79,445,755,01:34:48
PortScan,United States,2018-05-01,107.170.238.4,110,592,01:35:08
PortScan,United States,2018-05-01,196.52.43.105,139,292,01:43:14
PortScan,Russian Federation,2018-05-01,31.162.57.230,445,284,02:24:25
PortScan,United States,2018-05-01,196.52.43.98,139,123,02:25:18
PortScan,Mexico,2018-05-01,177.234.16.50,445,026,02:25:29
PortScan,Russian Federation,2018-05-01,31.162.57.230,445,367,02:26:16
PortScan,Mexico,2018-05-01,177.234.16.50,445,521,02:27:18
PortScan,Thailand,2018-05-01,113.53.238.203,445,819,03:20:40
PortScan,Thailand,2018-05-01,113.53.238.203,445,791,03:22:29
PortScan,India,2018-05-01,125.21.43.130,445,976,03:46:34
PortScan,United States,2018-05-01,208.93.153.177,443,848,04:20:14
IIS_STAGE1,United States,2018-05-01,208.93.153.177,443,896,04:20:14
PortScan,United States,2018-05-01,172.104.226.145,3128,449,05:17:19
MYDOOM_STAGE1,United States,2018-05-01,172.104.226.145,3128,578,05:17:19
MYDOOM_STAGE1,United States,2018-05-01,172.104.226.145,3128,140,05:17:20
MYDOOM_STAGE1,United States,2018-05-01,172.104.226.145,3128,450,05:17:20
MYDOOM_STAGE1,United States,2018-05-01,172.104.226.145,3128,728,05:17:20
MYDOOM_STAGE1,United States,2018-05-01,172.104.226.145,3128,023,05:17:21
MYDOOM_STAGE1,United States,2018-05-01,172.104.226.145,3128,306,05:17:21
MYDOOM_STAGE1,United States,2018-05-01,172.104.226.145,3128,620,05:17:21
MYDOOM_STAGE1,United States,2018-05-01,172.104.226.145,3128,904,05:17:21
MYDOOM_STAGE1,United States,2018-05-01,172.104.226.145,3128,179,05:17:22
MYDOOM_STAGE1,United States,2018-05-01,172.104.226.145,3128,484,05:17:22
MYDOOM_STAGE1,United States,2018-05-01,172.104.226.145,3128,759,05:17:22
MYDOOM_STAGE1,United States,2018-05-01,172.104.226.145,3128,035,05:17:23
MYDOOM_STAGE1,United States,2018-05-01,172.104.226.145,3128,308,05:17:23
MYDOOM_STAGE1,United States,2018-05-01,172.104.226.145,3128,596,05:17:23
MYDOOM_STAGE1,United States,2018-05-01,172.104.226.145,3128,881,05:17:23
MYDOOM_STAGE1,United States,2018-05-01,172.104.226.145,3128,178,05:17:24
MYDOOM_STAGE1,United States,2018-05-01,172.104.226.145,3128,452,05:17:24
MYDOOM_STAGE1,United States,2018-05-01,172.104.226.145,3128,739,05:17:24
MYDOOM_STAGE1,United States,2018-05-01,172.104.226.145,3128,280,05:17:25
MYDOOM_STAGE1,United States,2018-05-01,172.104.226.145,3128,562,05:17:25
MYDOOM_STAGE1,United States,2018-05-01,172.104.226.145,3128,833,05:17:25
MYDOOM_STAGE1,United States,2018-05-01,172.104.226.145,3128,111,05:17:26
MYDOOM_STAGE1,United States,2018-05-01,172.104.226.145,3128,958,05:17:26
MYDOOM_STAGE1,United States,2018-05-01,172.104.226.145,3128,263,05:17:28
MYDOOM_STAGE1,United States,2018-05-01,172.104.226.145,3128,539,05:17:28
MYDOOM_STAGE1,United States,2018-05-01,172.104.226.145,3128,813,05:17:28
MYDOOM_STAGE1,United States,2018-05-01,172.104.226.145,3128,086,05:17:29
MYDOOM_STAGE1,United States,2018-05-01,172.104.226.145,3128,374,05:17:29
MYDOOM_STAGE1,United States,2018-05-01,172.104.226.145,3128,655,05:17:29
MYDOOM_STAGE1,United States,2018-05-01,172.104.226.145,3128,926,05:17:29
MYDOOM_STAGE1,United States,2018-05-01,172.104.226.145,3128,357,05:17:30
MYDOOM_STAGE1,United States,2018-05-01,172.104.226.145,3128,629,05:17:30
MYDOOM_STAGE1,United States,2018-05-01,172.104.226.145,3128,902,05:17:30
PortScan,China,2018-05-01,58.56.96.26,445,665,05:26:34
PortScan,China,2018-05-01,58.56.96.26,445,775,05:28:25
PortScan,United States,2018-05-01,107.170.239.24,135,675,05:34:11
PortScan,France,2018-05-01,37.71.204.26,445,959,05:40:19
PortScan,France,2018-05-01,37.71.204.26,445,944,05:42:10
PortScan,Mongolia,2018-05-01,182.160.33.192,445,015,05:49:18
PortScan,Mongolia,2018-05-01,182.160.33.192,445,438,05:51:08
PortScan,Venezuela,2018-05-01,190.72.122.152,445,487,11:30:14
PortScan,Indonesia,2018-05-01,118.99.96.21,445,859,11:30:32
PortScan,Venezuela,2018-05-01,190.72.122.152,445,845,11:32:02
PortScan,Indonesia,2018-05-01,118.99.96.21,445,624,11:32:22
PortScan,United States,2018-05-01,209.126.136.4,587,495,11:48:21
PortScan,Venezuela,2018-05-01,200.84.73.116,445,089,12:05:02
IMAIL_STAGE2,Ireland,2018-05-01,185.58.17.122,25,908,12:27:01
PortScan,China,2018-05-01,183.162.27.108,445,647,12:30:44
PortScan,China,2018-05-01,183.162.27.108,445,350,12:32:34
PortScan,China,2018-05-01,183.162.27.108,445,581,12:33:16
PortScan,China,2018-05-01,183.162.27.108,445,557,12:33:55
PortScan,Venezuela,2018-05-01,186.88.240.247,445,047,15:11:36
PortScan,Venezuela,2018-05-01,186.88.240.247,445,862,15:13:25
PortScan,Mexico,2018-05-01,187.188.83.45,445,942,15:34:30
PortScan,India,2018-05-01,111.93.125.194,445,815,15:41:23
PortScan,Ukraine,2018-05-01,178.216.231.238,445,921,15:56:51
PortScan,Ukraine,2018-05-01,178.216.231.238,445,534,15:58:41
PortScan,Costa Rica,2018-05-01,201.205.253.62,445,492,16:24:01
PortScan,Costa Rica,2018-05-01,201.205.253.62,445,844,16:25:49
IMAIL_STAGE1,Russian Federation,2018-05-01,185.209.85.66,25,169,17:20:51
PortScan,Hong Kong,2018-05-01,164.52.6.150,443,789,18:26:22
IIS_STAGE1,Hong Kong,2018-05-01,164.52.6.150,443,349,18:26:26
IIS_STAGE1,Hong Kong,2018-05-01,164.52.6.150,443,801,18:26:26
PortScan,United States,2018-05-01,107.170.193.239,139,535,18:49:36
PortScan,United States,2018-05-01,196.52.43.88,5000,789,19:04:42
PortScan,United States,2018-05-01,107.170.192.119,143,634,19:23:06
PortScan,China,2018-05-01,61.177.20.72,25,710,19:33:04
PortScan,Taiwan,2018-05-01,203.73.131.127,445,474,19:54:20
PortScan,Taiwan,2018-05-01,203.73.131.127,445,814,19:56:08
PortScan,Brazil,2018-05-01,201.182.180.106,445,049,20:54:29
PortScan,Brazil,2018-05-01,201.182.180.106,445,186,20:56:18
PortScan,Philippines,2018-05-01,112.200.100.85,445,606,22:49:06
PortScan,Philippines,2018-05-01,112.200.100.85,445,980,22:50:54
PortScan,Indonesia,2018-05-01,180.247.207.38,445,686,23:11:48
PortScan,Indonesia,2018-05-01,180.247.207.38,445,895,23:13:39
PortScan,China,2018-05-01,116.206.178.170,445,010,23:20:17
PortScan,Vietnam,2018-05-01,14.166.8.201,445,007,23:46:34
IIS_STAGE1,China,2018-05-01,117.50.7.159,443,246,23:48:21
IIS_STAGE1,China,2018-05-01,117.50.7.159,443,912,23:48:21
PortScan,Vietnam,2018-05-01,14.166.8.201,445,439,23:48:22
PortScan,China,2018-05-01,117.50.7.159,443,204,23:48:32
IIS_STAGE1,China,2018-05-01,117.50.7.159,443,476,23:48:32
IIS_STAGE1,China,2018-05-01,117.50.7.159,443,028,23:48:33
PortScan,Turkey,2018-04-09,185.169.182.172,445,169,16:18:58
PortScan,Mexico,2018-04-09,187.136.241.65,445,250,16:35:14
PortScan,Mexico,2018-04-09,187.136.241.65,445,726,16:37:07
PortScan,Ukraine,2018-04-09,193.201.224.222,3389,881,17:05:22
PortScan,United States,2018-04-09,196.52.43.57,445,142,21:16:31
PortScan,Vietnam,2018-04-09,113.160.211.197,445,136,21:26:29
PortScan,Venezuela,2018-04-09,190.207.45.11,445,342,21:50:04
IIS_STAGE1,Japan,2018-04-09,139.162.106.181,443,503,22:35:02
PortScan,China,2018-04-09,117.28.240.133,445,736,23:04:52
PortScan,Indonesia,2018-04-09,36.84.71.16,445,933,23:32:17
PortScan,Indonesia,2018-04-09,36.84.71.16,445,033,23:34:13
PortScan,"Iran, Islamic Republic of",2018-04-09,185.165.29.217,445,057,23:43:30
PortScan,Canada,2018-04-09,207.35.211.2,445,262,23:52:45
PortScan,Canada,2018-04-09,207.35.211.2,445,973,23:54:38
PortScan,Indonesia,2018-04-11,36.79.132.123,445,354,01:21:52
MYDOOM_STAGE1,Switzerland,2018-04-11,179.43.147.205,1080,508,01:22:56
PortScan,Indonesia,2018-04-11,36.79.132.123,445,083,01:23:43
PortScan,Indonesia,2018-04-11,36.79.132.123,445,517,01:25:47
PortScan,Indonesia,2018-04-11,36.79.132.123,445,037,01:26:55
PortScan,Indonesia,2018-04-11,36.79.132.123,445,508,01:28:09
PortScan,Indonesia,2018-04-11,36.79.132.123,445,673,01:28:10
PortScan,Pakistan,2018-04-11,39.50.235.19,445,826,01:33:25
PortScan,Pakistan,2018-04-11,39.50.235.19,445,548,01:38:41
PortScan,United States,2018-04-11,107.170.192.130,1080,408,01:38:49
PortScan,Russian Federation,2018-04-11,46.175.98.113,445,513,03:05:09
PortScan,Indonesia,2018-04-11,110.136.88.197,445,315,03:48:04
PortScan,Indonesia,2018-04-11,110.136.88.197,445,737,03:49:52
PortScan,Hong Kong,2018-04-11,223.197.136.127,445,196,04:08:53
PortScan,Brazil,2018-04-11,177.153.18.91,445,822,04:51:11
PortScan,Brazil,2018-04-11,177.153.18.91,445,840,04:53:02
PortScan,Indonesia,2018-04-11,125.165.62.114,445,307,05:49:14
PortScan,Indonesia,2018-04-11,125.165.62.114,445,755,05:51:02
PortScan,India,2018-04-11,183.83.201.70,445,065,06:07:29
PortScan,India,2018-04-11,183.83.201.70,445,687,06:09:17
PortScan,India,2018-04-11,117.211.106.251,445,419,06:26:41
PortScan,India,2018-04-11,117.211.106.251,445,912,06:28:30
PortScan,United States,2018-04-11,168.235.109.107,445,271,06:41:30
PortScan,United States,2018-04-11,69.30.249.194,445,875,06:45:11
PortScan,India,2018-04-11,117.211.106.44,445,242,06:59:51
PortScan,India,2018-04-11,117.211.106.44,445,412,07:01:42
PortScan,India,2018-04-11,117.211.106.44,445,144,07:02:23
PortScan,India,2018-04-11,117.211.106.44,445,898,07:03:36
PortScan,India,2018-04-11,116.72.56.64,445,210,07:44:03
PortScan,United States,2018-04-11,130.74.17.245,445,444,07:56:02
PortScan,United States,2018-04-11,130.74.17.245,445,360,07:57:53
PortScan,Venezuela,2018-04-11,190.78.3.138,445,223,08:10:53
PortScan,Thailand,2018-04-11,61.91.14.150,445,126,08:51:11
PortScan,Thailand,2018-04-11,61.91.14.150,445,678,08:53:02
PortScan,Saudi Arabia,2018-04-11,87.101.251.34,445,343,09:00:51
PortScan,Saudi Arabia,2018-04-11,87.101.251.34,445,511,09:02:42
PortScan,Hong Kong,2018-04-11,202.65.206.129,445,691,09:27:46
PortScan,Hong Kong,2018-04-11,202.65.206.129,445,824,09:29:37
PortScan,Vietnam,2018-04-11,171.251.215.19,445,892,09:33:50
PortScan,Vietnam,2018-04-11,171.251.215.19,445,750,09:35:39
PortScan,Indonesia,2018-04-11,116.206.29.57,445,186,09:59:36
PortScan,Indonesia,2018-04-11,116.206.29.57,445,450,10:01:27
PortScan,Brazil,2018-04-11,177.14.208.5,445,195,10:27:51
PortScan,Brazil,2018-04-11,177.14.208.5,445,256,10:29:42
PortScan,United Kingdom,2018-04-11,109.228.0.20,445,436,11:51:41
PortScan,United Kingdom,2018-04-11,109.228.0.20,445,103,11:53:31
PortScan,"Iran, Islamic Republic of",2018-04-11,185.165.29.217,445,241,11:54:36
PortScan,Russian Federation,2018-04-11,178.65.214.213,445,930,11:55:32
PortScan,Russian Federation,2018-04-11,178.65.214.213,445,686,11:57:21
MYDOOM_STAGE1,China,2018-04-11,180.97.106.163,1080,123,12:10:48
MYDOOM_STAGE1,China,2018-04-11,180.97.106.39,3128,735,12:18:34
PortScan,China,2018-04-11,222.175.129.153,445,512,12:36:17
PortScan,China,2018-04-11,222.175.129.153,445,626,12:38:08
PortScan,Vietnam,2018-04-11,103.81.86.36,445,813,12:59:23
PortScan,Japan,2018-04-11,139.162.78.6,1080,589,13:06:19
MYDOOM_STAGE1,Japan,2018-04-11,139.162.78.6,1080,745,13:06:19
MYDOOM_STAGE1,Japan,2018-04-11,139.162.78.6,1080,042,13:06:20
MYDOOM_STAGE1,Japan,2018-04-11,139.162.78.6,1080,663,13:06:20
PortScan,Japan,2018-04-11,139.162.78.6,1080,954,13:06:30
PortScan,Russian Federation,2018-04-11,82.151.204.150,445,723,13:23:41
PortScan,Russian Federation,2018-04-11,82.151.204.150,445,113,13:25:30
PortScan,United States,2018-04-11,107.170.192.72,3128,909,13:36:00
IMAIL_STAGE2,United States,2018-04-11,181.214.206.45,25,908,14:02:20
PortScan,Philippines,2018-04-11,119.93.139.173,445,099,14:34:35
PortScan,Philippines,2018-04-11,119.93.139.173,445,757,14:36:24
PortScan,Ukraine,2018-04-11,134.249.20.174,445,303,14:46:20
PortScan,Ukraine,2018-04-11,134.249.20.174,445,819,14:48:08
PortScan,United States,2018-04-11,64.32.12.98,445,501,14:56:29
MYDOOM_STAGE1,China,2018-04-11,180.97.106.39,1080,496,15:00:22
PortScan,Pakistan,2018-04-11,39.45.199.27,445,123,15:02:45
PortScan,United States,2018-04-11,47.203.88.161,3128,545,15:04:13
PortScan,United States,2018-04-11,47.203.88.161,1080,548,15:04:13
MYDOOM_STAGE1,United States,2018-04-11,47.203.88.161,3128,372,15:04:17
MYDOOM_STAGE1,United States,2018-04-11,47.203.88.161,1080,396,15:04:17
MYDOOM_STAGE1,United States,2018-04-11,47.203.88.161,3128,456,15:04:17
MYDOOM_STAGE1,United States,2018-04-11,47.203.88.161,1080,487,15:04:17
MYDOOM_STAGE1,United States,2018-04-11,47.203.88.161,3128,539,15:04:17
MYDOOM_STAGE1,United States,2018-04-11,47.203.88.161,1080,580,15:04:17
PortScan,Pakistan,2018-04-11,39.45.199.27,445,606,15:04:33
PortScan,Pakistan,2018-04-11,103.18.8.225,445,023,15:07:29
PortScan,Pakistan,2018-04-11,103.18.8.225,445,403,15:09:17
MYDOOM_STAGE1,China,2018-04-11,180.97.106.39,1080,441,15:12:27
IMAIL_STAGE2,Switzerland,2018-04-11,185.35.63.184,25,737,15:23:59
MYDOOM_STAGE1,China,2018-04-11,180.97.106.163,3128,361,15:24:52
MYDOOM_STAGE1,China,2018-04-11,180.97.106.164,3128,907,15:33:09
PortScan,Russian Federation,2018-04-11,109.201.113.58,445,202,15:38:23
PortScan,Russian Federation,2018-04-11,109.201.113.58,445,526,15:40:11
PortScan,China,2018-04-11,124.90.52.192,3128,277,15:41:43
MYDOOM_STAGE1,China,2018-04-11,221.11.229.105,3128,648,16:10:46
MYDOOM_STAGE1,China,2018-04-11,123.191.130.204,3128,160,16:10:47
MYDOOM_STAGE1,China,2018-04-11,110.167.91.42,3128,373,16:10:48
MYDOOM_STAGE1,China,2018-04-11,124.88.64.219,3128,469,16:10:53
MYDOOM_STAGE1,China,2018-04-11,123.157.193.148,3128,808,16:10:53
MYDOOM_STAGE1,China,2018-04-11,116.249.91.22,3128,511,16:10:56
PortScan,Japan,2018-04-11,139.162.102.46,3127,096,16:19:48
MYDOOM_STAGE1,Japan,2018-04-11,139.162.102.46,3127,255,16:19:48
MYDOOM_STAGE1,Japan,2018-04-11,139.162.102.46,3127,553,16:19:48
MYDOOM_STAGE1,Japan,2018-04-11,139.162.102.46,3127,142,16:19:49
PortScan,Japan,2018-04-11,139.162.102.46,3127,446,16:19:59
PortScan,Russian Federation,2018-04-11,185.42.164.93,445,596,16:57:05
PortScan,Russian Federation,2018-04-11,185.42.164.93,445,220,16:58:54
PortScan,Japan,2018-04-11,139.162.99.243,25,701,17:14:42
PortScan,Venezuela,2018-04-11,200.84.162.135,445,577,17:40:37
PortScan,Brazil,2018-04-11,200.219.244.10,445,918,17:47:41
PortScan,Brazil,2018-04-11,200.219.244.10,445,331,17:49:30
PortScan,Indonesia,2018-04-11,36.74.146.1,445,012,18:41:54
PortScan,China,2018-04-11,115.201.202.203,445,250,18:42:09
PortScan,Indonesia,2018-04-11,36.74.146.1,445,140,18:43:45
PortScan,China,2018-04-11,115.201.202.203,445,621,18:43:57
IIS_STAGE1,United States,2018-04-11,141.212.122.112,443,863,18:57:17
IMAIL_STAGE1,United States,2018-04-11,196.196.85.166,25,714,19:02:57
PortScan,United States,2018-04-11,66.43.90.138,445,394,19:09:51
PortScan,United States,2018-04-11,66.43.90.138,445,295,19:11:42
PortScan,Indonesia,2018-04-11,116.206.42.124,445,749,20:10:10
PortScan,Indonesia,2018-04-11,116.206.42.124,445,678,20:11:59
PortScan,Chile,2018-04-11,201.187.79.118,445,811,20:30:20
PortScan,Chile,2018-04-11,201.187.79.118,445,181,20:32:09
PortScan,Bangladesh,2018-04-11,119.148.48.241,445,373,20:57:50
PortScan,Bangladesh,2018-04-11,119.148.48.241,445,554,20:59:41
PortScan,Indonesia,2018-04-11,182.253.193.210,445,885,22:13:53
PortScan,Indonesia,2018-04-11,36.67.168.195,445,967,22:23:18
PortScan,Indonesia,2018-04-11,180.254.222.218,445,213,22:40:57
PortScan,Indonesia,2018-04-11,180.254.222.218,445,363,22:42:48
IMAIL_STAGE2,United States,2018-04-11,209.126.136.5,25,161,22:59:06
PortScan,Brazil,2018-05-04,187.120.222.2,445,603,00:18:55
PortScan,Brazil,2018-05-04,187.120.222.2,445,096,00:20:45
PortScan,India,2018-05-04,122.176.161.28,445,046,00:27:58
PortScan,India,2018-05-04,122.176.161.28,445,783,00:29:47
PortScan,Bangladesh,2018-05-04,103.84.38.158,445,238,00:33:15
PortScan,Bangladesh,2018-05-04,103.84.38.158,445,685,00:35:03
PortScan,Bangladesh,2018-05-04,103.84.38.158,445,808,00:35:45
PortScan,Bangladesh,2018-05-04,103.84.38.158,445,776,00:37:36
PortScan,Russian Federation,2018-05-04,188.244.6.96,445,668,00:47:34
PortScan,Russian Federation,2018-05-04,188.244.6.96,445,463,00:49:25
"SLMAIL_STAGE1, MDAEMON_STAGE1",Seychelles,2018-05-04,80.82.70.118,110,526,00:52:37
IMAIL_STAGE1,Costa Rica,2018-05-04,143.137.151.100,25,715,01:02:23
PortScan,Philippines,2018-05-04,124.106.83.114,445,299,01:52:48
PortScan,Russian Federation,2018-05-04,178.161.128.246,445,117,01:53:03
PortScan,Philippines,2018-05-04,124.106.83.114,445,641,01:54:36
PortScan,Russian Federation,2018-05-04,178.161.128.246,445,154,01:54:54
PortScan,Japan,2018-05-04,139.162.102.46,3128,856,02:04:25
MYDOOM_STAGE1,Japan,2018-05-04,139.162.102.46,3128,996,02:04:25
PortScan,Russian Federation,2018-05-04,178.161.128.246,445,502,02:09:03
PortScan,Russian Federation,2018-05-04,178.161.128.246,445,542,02:10:54
PortScan,Russian Federation,2018-05-04,85.95.162.21,445,865,02:49:13
PortScan,Russian Federation,2018-05-04,85.95.162.21,445,619,02:51:02
PortScan,United States,2018-05-04,196.52.43.59,143,905,03:38:29
PortScan,Vietnam,2018-05-04,1.55.46.191,445,592,04:20:15
PortScan,Vietnam,2018-05-04,1.55.46.191,445,964,04:22:03
PortScan,India,2018-05-04,103.216.236.92,445,289,04:33:41
PortScan,India,2018-05-04,103.216.236.92,445,956,04:35:30
PortScan,Venezuela,2018-05-04,200.93.83.133,445,734,05:01:42
PortScan,Venezuela,2018-05-04,200.93.83.133,445,832,05:03:33
PortScan,Taiwan,2018-05-04,122.121.232.101,445,795,05:27:13
PortScan,Taiwan,2018-05-04,122.121.232.101,445,202,05:29:02
PortScan,Vietnam,2018-05-04,14.162.145.110,445,718,06:04:10
PortScan,Vietnam,2018-05-04,14.162.145.110,445,363,06:05:59
PortScan,Iraq,2018-05-04,89.46.203.226,445,804,06:09:47
PortScan,Iraq,2018-05-04,89.46.203.226,445,911,06:11:38
PortScan,United States,2018-05-04,196.52.43.97,139,237,06:24:29
PortScan,Hong Kong,2018-05-04,164.52.24.142,445,570,06:47:24
PortScan,Kyrgyzstan,2018-05-04,89.237.195.69,445,607,07:09:03
PortScan,United States,2018-05-04,196.52.43.52,5000,875,07:51:26
PortScan,Dominican Republic,2018-05-04,186.150.207.207,445,472,08:07:02
PortScan,Dominican Republic,2018-05-04,186.150.207.207,445,377,08:08:53
PortScan,India,2018-05-04,103.103.52.142,445,273,08:15:24
PortScan,India,2018-05-04,103.103.52.142,445,037,08:17:14
PortScan,Nigeria,2018-05-04,197.255.160.239,445,643,08:24:21
PortScan,Nigeria,2018-05-04,197.255.160.239,445,272,08:26:11
PortScan,India,2018-05-04,117.254.84.122,445,395,09:45:16
PortScan,United States,2018-05-04,45.34.17.12,445,882,10:10:05
PortScan,Venezuela,2018-05-04,186.89.96.190,445,533,10:39:55
PortScan,Brazil,2018-05-04,179.126.142.248,445,108,10:39:56
PortScan,Brazil,2018-05-04,179.126.142.248,445,433,10:41:44
PortScan,Venezuela,2018-05-04,186.89.96.190,445,999,10:41:44
PortScan,Vietnam,2018-05-04,118.68.61.52,445,145,11:11:47
PortScan,Vietnam,2018-05-04,118.68.61.52,445,598,11:13:35
PortScan,United States,2018-05-04,196.52.43.86,445,640,11:30:52
PortScan,Saudi Arabia,2018-05-04,5.108.143.27,445,301,11:53:20
PortScan,Saudi Arabia,2018-05-04,5.108.143.27,445,404,11:55:11
PortScan,Vietnam,2018-05-04,117.6.55.182,445,170,12:09:33
PortScan,Vietnam,2018-05-04,117.6.55.182,445,023,12:11:22
PortScan,Ireland,2018-05-04,185.234.217.61,25,018,12:30:12
PortScan,Egypt,2018-05-04,164.160.104.35,445,904,13:24:34
PortScan,Egypt,2018-05-04,164.160.104.35,445,515,13:26:24
PortScan,United States,2018-05-04,107.189.52.4,445,049,13:38:06
MYDOOM_STAGE1,China,2018-05-04,60.191.38.77,1080,980,13:52:02
MYDOOM_STAGE1,China,2018-05-04,60.191.38.77,1080,017,13:52:03
PortScan,Turkey,2018-05-04,78.186.197.49,445,593,14:45:37
PortScan,Turkey,2018-05-04,78.186.197.49,445,219,14:47:26
PortScan,Turkey,2018-05-04,185.136.204.222,445,834,15:25:44
IMAIL_STAGE2,Seychelles,2018-05-04,89.248.169.103,25,797,15:43:49
PortScan,Japan,2018-05-04,139.162.109.245,143,604,15:44:31
IIS_STAGE1,China,2018-05-04,27.193.62.218,443,916,16:49:22
IIS_STAGE1,China,2018-05-04,27.193.62.218,443,815,16:49:23
IIS_STAGE1,China,2018-05-04,27.193.62.218,443,261,16:49:24
"SLMAIL_STAGE1, MDAEMON_STAGE1",United States,2018-05-04,196.52.43.115,110,873,17:28:58
"SLMAIL_STAGE1, MDAEMON_STAGE1",United States,2018-05-04,196.52.43.84,110,692,17:31:31
"SLMAIL_STAGE1, MDAEMON_STAGE1",United States,2018-05-04,107.170.235.15,110,238,17:58:07
PortScan,China,2018-03-28,123.206.75.77,3389,115,11:31:15
PortScan,Indonesia,2018-03-28,115.178.194.47,445,594,11:48:44
PortScan,France,2018-03-28,159.8.94.105,445,223,11:50:18
PortScan,France,2018-03-28,159.8.94.105,445,811,12:00:19
PortScan,China,2018-03-28,122.4.202.30,445,881,12:09:32
PortScan,China,2018-03-28,122.4.202.30,445,490,12:11:34
PortScan,Russian Federation,2018-03-28,145.255.22.57,445,780,12:11:55
PortScan,Venezuela,2018-03-28,190.201.11.112,445,251,12:26:34
PortScan,India,2018-03-28,111.93.94.122,445,495,15:04:32
PortScan,India,2018-03-28,111.93.94.122,445,853,15:06:26
PortScan,Indonesia,2018-03-28,110.136.205.210,445,904,15:17:14
PortScan,Russian Federation,2018-03-28,84.53.245.2,445,892,15:18:57
PortScan,Canada,2018-03-28,69.172.147.78,445,388,15:29:49
IIS_STAGE1,Japan,2018-03-28,139.162.78.135,443,507,16:11:36
PortScan,Venezuela,2018-03-28,190.73.144.47,445,836,17:33:32
PortScan,Venezuela,2018-03-28,190.73.144.47,445,771,17:35:29
IIS_STAGE1,United States,2018-03-28,141.212.122.32,443,689,17:50:20
PortScan,Indonesia,2018-03-28,36.68.60.145,445,218,18:21:16
PortScan,Indonesia,2018-03-28,36.68.60.145,445,047,18:23:10
PortScan,Seychelles,2018-05-03,89.248.172.90,3128,379,00:00:12
MYDOOM_STAGE1,Seychelles,2018-05-03,89.248.172.90,3128,257,00:00:53
PortScan,Indonesia,2018-05-03,36.80.26.145,445,184,00:01:30
PortScan,Vietnam,2018-05-03,123.16.13.79,445,053,00:04:31
PortScan,Vietnam,2018-05-03,123.16.13.79,445,411,00:06:19
PortScan,Indonesia,2018-05-03,103.22.249.196,445,148,00:24:40
PortScan,Indonesia,2018-05-03,103.22.249.196,445,271,00:26:30
PortScan,Indonesia,2018-05-03,119.2.48.154,445,350,00:33:29
PortScan,Malta,2018-05-03,213.165.170.105,445,404,00:40:04
PortScan,Venezuela,2018-05-03,190.206.192.242,445,517,11:58:48
PortScan,Venezuela,2018-05-03,190.206.192.242,445,777,12:00:36
PortScan,Japan,2018-05-03,139.162.102.46,3127,946,12:16:34
MYDOOM_STAGE1,Japan,2018-05-03,139.162.102.46,3127,101,12:16:35
PortScan,United States,2018-05-03,104.236.247.64,3127,428,13:10:40
PortScan,Japan,2018-05-03,139.162.99.243,25,593,13:18:31
PortScan,"Iran, Islamic Republic of",2018-05-03,188.34.172.192,445,878,14:05:09
PortScan,Taiwan,2018-05-03,118.166.219.117,445,056,14:34:09
PortScan,Taiwan,2018-05-03,118.166.219.117,445,639,14:35:57
IIS_STAGE1,United States,2018-05-03,141.212.122.81,443,539,14:50:32
PortScan,Brazil,2018-05-03,201.16.193.107,445,960,15:04:22
PortScan,Brazil,2018-05-03,201.16.193.107,445,294,15:06:11
PortScan,Brazil,2018-05-03,200.228.122.130,445,796,15:18:55
PortScan,Brazil,2018-05-03,200.228.122.130,445,795,15:20:46
PortScan,Brazil,2018-05-03,179.162.134.175,445,832,16:14:00
PortScan,Brazil,2018-05-03,179.162.134.175,445,809,16:15:51
PortScan,India,2018-05-03,123.201.124.26,445,717,17:18:31
PortScan,India,2018-05-03,123.201.124.26,445,835,17:20:22
PortScan,India,2018-05-03,103.53.75.165,445,659,18:19:53
PortScan,India,2018-05-03,103.53.75.165,445,829,18:21:44
PortScan,United States,2018-05-03,64.32.23.162,445,772,20:15:18
PortScan,Vietnam,2018-05-03,115.78.13.62,445,018,20:30:38
PortScan,Vietnam,2018-05-03,115.78.13.62,445,396,20:32:26
PortScan,United States,2018-05-03,140.82.49.137,445,208,20:58:52
PortScan,Indonesia,2018-05-03,36.81.6.117,445,267,20:59:11
PortScan,United States,2018-05-03,140.82.49.137,445,212,21:00:43
PortScan,Indonesia,2018-05-03,36.81.6.117,445,725,21:00:59
PortScan,Vietnam,2018-05-03,113.160.147.245,445,246,21:59:16
PortScan,Vietnam,2018-05-03,113.160.147.245,445,754,22:01:04
PortScan,United States,2018-05-03,196.52.43.109,139,367,23:47:07
PortScan,Indonesia,2018-04-17,180.254.192.234,445,047,19:31:23
PortScan,United States,2018-04-17,196.52.43.52,139,144,19:38:33
PortScan,Brazil,2018-04-17,131.161.125.34,445,580,20:07:23
PortScan,Brazil,2018-04-17,131.161.125.34,445,657,20:09:14
PortScan,Vietnam,2018-04-17,123.25.114.179,445,146,20:14:05
PortScan,Vietnam,2018-04-17,123.25.114.179,445,211,20:15:56
PortScan,Hong Kong,2018-04-17,43.248.164.237,445,521,21:29:51
PortScan,Hong Kong,2018-04-17,43.248.164.237,445,492,21:33:25
PortScan,United States,2018-04-17,45.43.221.130,445,552,21:43:05
PortScan,United States,2018-04-17,45.43.221.130,445,450,21:44:56
PortScan,United States,2018-04-17,45.43.221.130,445,193,22:02:01
PortScan,United States,2018-04-17,45.43.221.130,445,092,22:03:52
PortScan,"Iran, Islamic Republic of",2018-04-17,188.158.119.137,445,113,23:42:54
PortScan,"Iran, Islamic Republic of",2018-04-17,188.158.119.137,445,199,23:44:45
PortScan,"Korea, Republic of",2018-04-22,203.255.248.30,5000,129,00:35:04
IIS_STAGE1,Taiwan,2018-04-22,211.23.154.138,443,542,01:22:30
PortScan,Russian Federation,2018-04-22,31.173.240.46,445,133,02:21:42
PortScan,Russian Federation,2018-04-22,31.173.240.46,445,253,02:23:33
PortScan,Bangladesh,2018-04-22,119.15.155.90,445,305,03:58:18
PortScan,Bangladesh,2018-04-22,119.15.155.90,445,831,04:00:06
PortScan,Kuwait,2018-04-22,62.215.107.245,445,957,05:17:21
PortScan,Kuwait,2018-04-22,62.215.107.245,445,368,05:19:10
PortScan,United States,2018-04-22,104.160.190.165,445,502,05:49:45
IIS_STAGE1,United States,2018-04-22,23.239.65.138,443,415,07:47:46
IIS_STAGE1,United States,2018-04-22,23.239.65.138,443,475,07:47:46
PortScan,"Iran, Islamic Republic of",2018-04-22,78.38.242.2,445,186,08:04:14
PortScan,"Iran, Islamic Republic of",2018-04-22,78.38.242.130,445,611,08:06:02
IMAIL_STAGE2,United States,2018-04-22,107.170.239.45,25,635,08:54:54
PortScan,Mexico,2018-04-22,189.195.30.33,445,243,09:06:12
PortScan,Mexico,2018-04-22,189.195.30.33,445,389,09:09:46
PortScan,China,2018-04-22,183.6.159.240,445,030,10:13:56
PortScan,China,2018-04-22,183.6.159.240,445,024,10:15:45
PortScan,Japan,2018-04-22,139.162.102.46,3128,709,10:42:48
MYDOOM_STAGE1,Japan,2018-04-22,139.162.102.46,3128,882,10:42:48
PortScan,Philippines,2018-04-22,103.29.22.131,445,214,12:25:50
PortScan,Russian Federation,2018-04-22,37.232.135.233,445,341,12:44:37
PortScan,Russian Federation,2018-04-22,37.232.135.233,445,872,12:46:25
PortScan,Venezuela,2018-04-22,190.202.206.40,445,278,14:15:44
PortScan,Venezuela,2018-04-22,190.202.206.40,445,711,14:17:32
,United States,2018-04-22,107.170.253.95,587,924,14:44:54
PortScan,United States,2018-04-20,196.52.43.91,5000,047,18:04:51
PortScan,United States,2018-04-20,196.52.43.55,110,029,18:29:57
"SLMAIL_STAGE1, MDAEMON_STAGE1",United States,2018-04-20,196.52.43.96,110,223,18:37:50
PortScan,United States,2018-04-20,196.52.43.92,445,002,18:53:06
PortScan,Lithuania,2018-04-20,86.38.29.33,445,406,19:22:43
"SLMAIL_STAGE1, MDAEMON_STAGE1",United States,2018-04-20,107.170.228.237,110,271,19:38:17
IMAIL_STAGE2,United States,2018-04-20,72.68.69.32,25,906,20:45:20
PortScan,India,2018-04-20,122.168.125.212,445,262,21:47:58
PortScan,India,2018-04-20,122.168.125.212,445,808,21:49:46
PortScan,Vietnam,2018-04-20,14.187.194.91,445,179,22:33:46
PortScan,Vietnam,2018-04-20,14.187.194.91,445,603,22:35:34
PortScan,India,2018-04-20,180.179.196.84,445,509,23:11:25
PortScan,India,2018-04-20,180.179.196.84,445,720,23:13:15
PortScan,Vietnam,2018-04-20,14.177.235.154,445,585,23:37:23
PortScan,Vietnam,2018-04-20,14.177.235.154,445,987,23:39:11
PortScan,Venezuela,2018-04-18,201.211.162.248,445,642,01:53:06
PortScan,Venezuela,2018-04-18,201.211.162.248,445,922,01:54:54
PortScan,India,2018-04-18,182.73.19.10,445,189,03:23:27
PortScan,India,2018-04-18,182.73.19.10,445,653,03:25:15
PortScan,India,2018-04-18,182.73.19.10,445,928,03:27:30
PortScan,India,2018-04-18,117.201.79.55,445,516,03:43:09
PortScan,India,2018-04-18,117.201.79.55,445,158,03:44:59
PortScan,Argentina,2018-04-18,190.112.75.228,445,059,04:01:46
PortScan,Indonesia,2018-04-18,101.255.87.146,445,275,04:49:37
PortScan,Thailand,2018-04-18,183.89.214.112,445,066,05:52:43
IIS_STAGE1,Taiwan,2018-04-18,211.23.154.138,443,783,05:54:25
PortScan,India,2018-04-18,117.247.231.110,445,095,06:00:19
PortScan,India,2018-04-18,117.247.231.110,445,312,06:02:10
PortScan,India,2018-04-18,27.0.177.121,445,160,06:50:50
PortScan,India,2018-04-18,27.0.177.121,445,985,06:52:39
PortScan,India,2018-04-18,27.0.177.121,445,508,06:53:06
PortScan,India,2018-04-18,27.0.177.121,445,027,06:53:26
PortScan,India,2018-04-18,27.0.177.121,445,779,06:53:40
PortScan,India,2018-04-18,27.0.177.121,445,159,06:54:58
PortScan,Russian Federation,2018-04-18,94.25.169.112,445,361,07:13:14
PortScan,Russian Federation,2018-04-18,94.25.169.112,445,997,07:15:03
PortScan,Japan,2018-04-18,139.162.102.46,3128,549,07:42:57
MYDOOM_STAGE1,Japan,2018-04-18,139.162.102.46,3128,698,07:42:57
MYDOOM_STAGE1,Japan,2018-04-18,139.162.102.46,3128,987,07:42:57
MYDOOM_STAGE1,Japan,2018-04-18,139.162.102.46,3128,562,07:42:58
PortScan,Japan,2018-04-18,139.162.102.46,3128,849,07:43:08
PortScan,Russian Federation,2018-04-18,94.29.124.102,445,699,08:23:59
PortScan,Russian Federation,2018-04-18,94.29.124.102,445,919,08:25:50
PortScan,Japan,2018-04-18,139.162.99.243,25,993,08:28:26
PortScan,Brazil,2018-04-18,186.202.63.243,445,096,08:29:34
PortScan,Brazil,2018-04-18,186.202.63.243,445,129,08:31:25
IMAIL_STAGE2,United States,2018-04-18,107.170.233.81,25,887,08:43:35
PortScan,Venezuela,2018-04-18,201.211.65.239,445,913,10:09:39
PortScan,Indonesia,2018-04-18,36.73.77.151,445,093,10:54:32
PortScan,Colombia,2018-04-18,181.143.223.198,445,710,10:59:25
PortScan,Colombia,2018-04-18,181.143.223.198,445,321,11:01:17
PortScan,Ukraine,2018-04-18,91.221.7.146,445,247,11:30:02
IIS_STAGE1,United States,2018-04-18,141.212.122.81,443,052,11:30:34
PortScan,Ukraine,2018-04-18,91.221.7.146,445,982,11:31:52
PortScan,India,2018-04-18,49.204.226.58,445,124,11:40:41
PortScan,India,2018-04-18,49.204.226.58,445,828,11:42:31
MYDOOM_STAGE1,China,2018-04-18,180.97.106.39,3128,536,12:18:08
PortScan,Vietnam,2018-04-18,113.161.130.245,445,408,12:51:01
PortScan,Vietnam,2018-04-18,113.161.130.245,445,468,12:52:52
PortScan,Chile,2018-04-18,190.211.13.50,445,521,13:01:43
PortScan,Japan,2018-04-18,139.162.102.46,3127,204,13:16:49
MYDOOM_STAGE1,Japan,2018-04-18,139.162.102.46,3127,346,13:16:49
MYDOOM_STAGE1,Japan,2018-04-18,139.162.102.46,3127,630,13:16:49
MYDOOM_STAGE1,Japan,2018-04-18,139.162.102.46,3127,209,13:16:50
PortScan,Japan,2018-04-18,139.162.102.46,3127,496,13:17:00
PortScan,Vietnam,2018-04-18,27.68.128.138,445,074,13:52:50
PortScan,India,2018-04-18,223.237.216.73,445,542,14:18:50
PortScan,India,2018-04-18,223.237.216.73,445,990,14:20:38
,United States,2018-04-18,107.170.242.8,587,159,14:34:09
IMAIL_STAGE2,Netherlands,2018-04-18,188.166.86.31,25,441,15:18:12
MYDOOM_STAGE1,China,2018-04-18,180.97.106.164,3128,424,15:32:29
IIS_STAGE1,Japan,2018-04-18,139.162.116.133,443,086,15:35:45
MYDOOM_STAGE1,China,2018-04-18,180.97.106.39,3128,311,15:41:50
PortScan,Vietnam,2018-04-18,113.160.210.24,445,392,15:50:21
PortScan,Vietnam,2018-04-18,113.160.210.24,445,469,15:52:12
PortScan,France,2018-04-18,62.210.205.141,139,916,15:59:08
PortScan,Indonesia,2018-04-18,101.255.44.156,445,264,15:59:12
PortScan,Indonesia,2018-04-18,101.255.44.156,445,361,16:01:03
PortScan,Venezuela,2018-04-18,201.210.232.251,445,655,16:10:15
PortScan,Venezuela,2018-04-18,201.210.232.251,445,045,16:12:04
PortScan,Cambodia,2018-04-18,111.67.97.59,445,791,16:17:56
PortScan,Cambodia,2018-04-18,111.67.97.59,445,173,16:19:45
PortScan,Venezuela,2018-04-18,190.198.94.200,445,823,17:03:25
IIS_STAGE1,Iceland,2018-04-18,82.221.105.7,443,402,17:38:34
IMAIL_STAGE2,United States,2018-04-18,192.163.226.125,25,781,18:15:32
PortScan,Bolivia,2018-04-18,190.186.58.184,445,417,18:31:41
PortScan,Bolivia,2018-04-18,190.186.58.184,445,691,18:33:29
PortScan,Ukraine,2018-04-18,46.148.27.83,25,604,18:53:19
PortScan,Ukraine,2018-04-18,46.148.27.83,587,124,18:53:31
IMAIL_STAGE2,United States,2018-04-18,192.163.226.125,25,283,18:57:26
PortScan,United States,2018-04-18,168.235.94.51,445,142,19:02:56
PortScan,Hong Kong,2018-04-18,164.52.24.142,445,893,19:32:32
IMAIL_STAGE2,United States,2018-04-18,192.163.226.125,25,716,19:39:58
PortScan,Angola,2018-04-18,197.241.134.55,445,309,20:18:48
PortScan,Angola,2018-04-18,197.241.134.55,445,856,20:20:36
IMAIL_STAGE2,United States,2018-04-18,192.163.226.125,25,199,20:21:32
PortScan,Angola,2018-04-18,197.241.134.55,445,282,20:22:46
PortScan,Ukraine,2018-04-18,46.148.27.82,25,286,20:23:34
PortScan,Angola,2018-04-18,197.241.134.55,445,067,20:24:49
PortScan,Ukraine,2018-04-18,46.148.27.82,587,648,20:25:02
PortScan,Venezuela,2018-04-18,190.79.196.125,445,238,20:33:00
PortScan,Venezuela,2018-04-18,190.79.196.125,445,030,20:34:50
PortScan,Vietnam,2018-04-18,113.160.202.9,445,060,20:57:09
PortScan,Vietnam,2018-04-18,113.160.202.9,445,509,20:58:57
IMAIL_STAGE2,United States,2018-04-18,192.163.226.125,25,754,21:03:21
IMAIL_STAGE2,United States,2018-04-18,192.163.226.125,25,597,21:45:05
PortScan,Indonesia,2018-04-18,182.23.55.82,445,154,21:45:09
PortScan,United Kingdom,2018-04-18,78.141.10.109,445,224,22:15:41
PortScan,United Kingdom,2018-04-18,78.141.10.109,445,807,22:17:30
IMAIL_STAGE2,United States,2018-04-18,192.163.226.125,25,387,22:25:24
PortScan,Vietnam,2018-04-18,113.160.114.119,445,674,22:53:36
PortScan,Vietnam,2018-04-18,113.160.114.119,445,097,22:55:25
PortScan,Indonesia,2018-04-18,182.253.141.85,445,093,23:01:32
PortScan,Indonesia,2018-04-18,182.253.141.85,445,553,23:03:20
IMAIL_STAGE2,United States,2018-04-18,192.163.226.125,25,264,23:05:40
PortScan,Japan,2018-04-18,139.162.78.6,110,441,23:21:36
"SLMAIL_STAGE1, MDAEMON_STAGE1",Japan,2018-04-18,139.162.78.6,110,787,23:21:36
"SLMAIL_STAGE1, MDAEMON_STAGE1",Japan,2018-04-18,139.162.78.6,110,320,23:21:37
"SLMAIL_STAGE1, MDAEMON_STAGE1",Japan,2018-04-18,139.162.78.6,110,045,23:21:38
PortScan,Japan,2018-04-18,139.162.78.6,110,232,23:21:39
"SLMAIL_STAGE1, MDAEMON_STAGE1",Japan,2018-04-18,139.162.78.6,110,495,23:21:39
"SLMAIL_STAGE1, MDAEMON_STAGE1",Japan,2018-04-18,139.162.78.6,110,961,23:21:39
"SLMAIL_STAGE1, MDAEMON_STAGE1",Japan,2018-04-18,139.162.78.6,110,191,23:21:40
"SLMAIL_STAGE1, MDAEMON_STAGE1",Japan,2018-04-18,139.162.78.6,110,679,23:21:40
IMAIL_STAGE2,United States,2018-04-18,192.163.226.125,25,480,23:45:41
,United Kingdom,2018-05-08,77.72.83.153,33369,713,19:20:26
PortScan,Vietnam,2018-04-19,42.117.225.154,445,006,00:04:36
PortScan,Vietnam,2018-04-19,42.117.225.154,445,067,00:06:27
IMAIL_STAGE2,United States,2018-04-19,192.163.226.125,25,867,00:25:46
IMAIL_STAGE2,United States,2018-04-19,192.163.226.125,25,224,01:05:48
IMAIL_STAGE2,United States,2018-04-19,192.163.226.125,25,088,01:47:31
PortScan,Vietnam,2018-04-19,123.25.116.139,445,745,01:54:42
PortScan,Vietnam,2018-04-19,123.25.116.139,445,880,01:56:33
PortScan,India,2018-04-19,183.82.117.193,445,955,02:16:17
PortScan,India,2018-04-19,183.82.117.193,445,741,02:18:06
IMAIL_STAGE2,United States,2018-04-19,192.163.226.125,25,028,02:27:39
PortScan,Spain,2018-04-19,192.162.27.35,445,713,02:28:33
PortScan,Spain,2018-04-19,192.162.27.35,445,709,02:30:24
PortScan,Russian Federation,2018-04-19,95.28.244.75,445,776,02:37:24
PortScan,Russian Federation,2018-04-19,95.28.244.75,445,402,02:39:14
PortScan,Russian Federation,2018-04-19,95.28.244.75,445,101,02:42:41
PortScan,India,2018-04-19,117.203.108.105,445,144,02:48:55
PortScan,India,2018-04-19,117.203.108.105,445,593,02:50:43
PortScan,Thailand,2018-04-19,113.53.0.169,445,171,02:52:19
PortScan,Thailand,2018-04-19,113.53.0.169,445,724,02:54:07
IMAIL_STAGE1,China,2018-04-19,60.191.38.77,587,537,03:40:21
PortScan,China,2018-04-19,60.191.38.77,587,550,03:40:41
PortScan,Bangladesh,2018-04-19,118.179.41.58,445,320,03:47:26
PortScan,India,2018-04-19,103.208.63.82,445,391,03:54:27
PortScan,Vietnam,2018-04-19,113.181.200.96,445,351,03:54:31
PortScan,India,2018-04-19,103.208.63.82,445,606,03:56:18
PortScan,Vietnam,2018-04-19,113.181.200.96,445,739,03:56:19
PortScan,India,2018-04-19,103.208.63.82,445,497,03:58:02
PortScan,Indonesia,2018-04-19,180.243.221.71,445,497,04:15:07
PortScan,Indonesia,2018-04-19,180.243.221.71,445,705,04:16:58
PortScan,Vietnam,2018-04-19,1.55.127.145,445,446,04:50:26
PortScan,Vietnam,2018-04-19,1.55.127.145,445,866,04:52:14
PortScan,Vietnam,2018-04-19,14.232.99.31,445,990,05:13:12
PortScan,Vietnam,2018-04-19,14.232.99.31,445,372,05:15:01
IMAIL_STAGE2,United States,2018-04-19,209.126.136.5,25,884,05:48:01
PortScan,Taiwan,2018-04-19,114.25.16.44,445,131,06:13:52
PortScan,Taiwan,2018-04-19,114.25.16.44,445,184,06:15:43
PortScan,Russian Federation,2018-04-19,46.17.47.102,5000,321,06:19:12
PortScan,Lithuania,2018-04-19,86.38.29.33,445,734,07:29:05
IIS_STAGE1,France,2018-04-19,212.83.151.237,443,791,08:09:09
IIS_STAGE1,France,2018-04-19,212.83.151.237,443,030,08:09:10
PortScan,China,2018-04-19,125.70.244.6,445,944,08:20:28
PortScan,China,2018-04-19,125.70.244.6,445,085,08:22:20
PortScan,China,2018-04-19,125.70.244.6,445,081,08:23:51
PortScan,China,2018-04-19,125.70.244.6,445,783,08:25:21
PortScan,Indonesia,2018-04-19,118.97.115.66,445,961,09:06:05
PortScan,Venezuela,2018-04-19,190.203.59.172,445,536,09:30:58
PortScan,Taiwan,2018-04-19,1.175.67.249,445,416,09:42:54
PortScan,Taiwan,2018-04-19,1.175.67.249,445,866,09:44:44
PortScan,India,2018-04-19,59.90.75.183,445,625,09:55:20
PortScan,India,2018-04-19,59.90.75.183,445,857,09:57:11
PortScan,Vietnam,2018-04-19,222.252.14.150,445,103,10:26:08
PortScan,Vietnam,2018-04-19,222.252.14.150,445,456,10:27:56
PortScan,United States,2018-04-19,208.93.153.177,443,330,11:01:44
IIS_STAGE1,United States,2018-04-19,208.93.153.177,443,380,11:01:44
PortScan,United States,2018-04-19,107.170.193.249,5000,947,11:37:40
PortScan,Brazil,2018-04-19,189.58.163.144,445,547,11:48:05
PortScan,Brazil,2018-04-19,189.58.163.144,445,588,11:49:56
PortScan,Russian Federation,2018-04-19,109.191.149.231,445,011,12:16:28
PortScan,Russian Federation,2018-04-19,109.191.149.231,445,837,12:18:16
PortScan,Venezuela,2018-04-19,186.94.134.110,445,897,12:19:04
PortScan,Venezuela,2018-04-19,186.94.134.110,445,327,12:20:53
PortScan,India,2018-04-19,45.248.162.130,445,699,12:39:46
PortScan,India,2018-04-19,45.248.162.130,445,922,12:41:34
PortScan,Qatar,2018-04-19,176.203.67.175,445,454,13:29:04
PortScan,Ukraine,2018-04-19,176.102.16.100,445,348,13:42:44
PortScan,China,2018-04-19,122.225.25.54,445,879,13:43:32
PortScan,Brazil,2018-04-19,179.192.169.154,445,333,13:44:59
PortScan,China,2018-04-19,122.225.25.54,445,258,13:45:21
PortScan,Brazil,2018-04-19,179.192.169.154,445,420,13:46:50
IIS_STAGE1,United States,2018-04-19,141.212.122.48,443,320,14:35:54
PortScan,Sri Lanka,2018-04-19,112.134.182.135,445,510,16:35:03
PortScan,Sri Lanka,2018-04-19,112.134.182.135,445,667,16:36:54
PortScan,Japan,2018-04-19,139.162.78.6,1080,445,17:01:46
MYDOOM_STAGE1,Japan,2018-04-19,139.162.78.6,1080,599,17:01:46
MYDOOM_STAGE1,Japan,2018-04-19,139.162.78.6,1080,885,17:01:46
MYDOOM_STAGE1,Japan,2018-04-19,139.162.78.6,1080,477,17:01:47
PortScan,Japan,2018-04-19,139.162.78.6,1080,774,17:01:57
PortScan,Venezuela,2018-04-19,181.225.57.22,445,938,17:30:36
PortScan,Venezuela,2018-04-19,181.225.57.22,445,889,17:32:27
PortScan,Taiwan,2018-04-19,118.166.247.145,445,182,17:50:31
PortScan,Taiwan,2018-04-19,118.166.247.145,445,882,17:52:19
PortScan,Portugal,2018-04-19,77.54.20.242,445,752,18:19:17
PortScan,Portugal,2018-04-19,77.54.20.242,445,253,18:21:06
PortScan,United Kingdom,2018-04-19,79.71.63.244,445,181,20:37:31
PortScan,India,2018-04-12,219.91.239.5,445,762,00:57:28
PortScan,India,2018-04-12,219.91.239.5,445,519,00:59:18
PortScan,Hong Kong,2018-04-12,223.17.176.47,445,404,01:03:15
PortScan,Hong Kong,2018-04-12,223.17.176.47,445,753,01:05:03
PortScan,United Arab Emirates,2018-04-12,2.50.29.176,445,790,02:45:00
PortScan,United Arab Emirates,2018-04-12,2.50.29.176,445,834,02:46:51
PortScan,China,2018-04-12,113.128.227.174,445,826,03:08:19
PortScan,China,2018-04-12,113.128.227.174,445,037,03:10:11
PortScan,Indonesia,2018-04-12,36.72.76.59,445,283,03:16:05
PortScan,Indonesia,2018-04-12,36.72.76.59,445,574,03:17:56
PortScan,Russian Federation,2018-04-12,193.232.107.183,445,400,03:26:28
PortScan,Russian Federation,2018-04-12,193.232.107.183,445,017,03:28:21
PortScan,India,2018-04-12,27.49.77.75,445,362,04:03:12
PortScan,India,2018-04-12,27.49.77.75,445,843,04:05:00
PortScan,Sudan,2018-04-12,212.0.143.242,445,573,04:06:55
PortScan,Sudan,2018-04-12,212.0.143.242,445,696,04:08:46
PortScan,India,2018-04-12,27.49.77.75,445,309,04:09:42
PortScan,India,2018-04-12,27.97.208.220,445,636,04:27:24
PortScan,Japan,2018-04-12,139.162.109.245,143,080,04:39:01
PortScan,Nigeria,2018-04-12,105.235.202.170,445,288,04:50:57
PortScan,Nigeria,2018-04-12,105.235.202.170,445,839,04:52:45
PortScan,Vietnam,2018-04-12,113.176.95.15,445,430,05:00:22
PortScan,Vietnam,2018-04-12,113.176.95.15,445,866,05:02:10
PortScan,Vietnam,2018-04-12,118.70.190.92,445,401,05:49:22
PortScan,Vietnam,2018-04-12,118.70.190.92,445,806,05:51:10
PortScan,India,2018-04-12,124.123.33.238,445,232,07:45:20
PortScan,India,2018-04-12,124.123.33.238,445,334,07:47:11
PortScan,United States,2018-04-12,107.167.16.250,445,346,08:20:03
PortScan,India,2018-04-12,115.112.36.118,445,973,08:43:47
PortScan,India,2018-04-12,115.112.36.118,445,408,08:45:36
PortScan,Venezuela,2018-04-12,186.90.122.130,139,826,08:59:32
PortScan,Venezuela,2018-04-12,186.90.122.130,445,122,08:59:55
PortScan,Italy,2018-04-12,81.88.253.162,445,390,09:36:35
PortScan,Italy,2018-04-12,81.88.253.162,445,358,09:38:26
PortScan,India,2018-04-12,182.76.174.235,445,304,10:20:24
PortScan,India,2018-04-12,182.76.174.235,445,955,10:22:13
IIS_STAGE1,China,2018-04-12,117.50.7.159,443,215,11:39:14
IIS_STAGE1,China,2018-04-12,117.50.7.159,443,700,11:39:18
PortScan,China,2018-04-12,117.50.7.159,443,639,11:39:34
IIS_STAGE1,China,2018-04-12,117.50.7.159,443,312,11:39:35
IIS_STAGE1,China,2018-04-12,117.50.7.159,443,072,11:39:46
PortScan,Croatia,2018-04-12,5.188.10.168,5000,647,11:55:22
PortScan,China,2018-04-12,220.181.159.77,5000,992,14:17:51
PortScan,China,2018-04-12,220.181.159.77,5000,402,14:17:52
PortScan,Venezuela,2018-04-12,190.206.220.180,445,575,14:49:32
PortScan,Hong Kong,2018-04-12,202.122.105.114,445,829,15:25:24
PortScan,Hong Kong,2018-04-12,202.122.105.114,445,940,15:27:15
IMAIL_STAGE2,Romania,2018-04-12,89.43.194.86,25,577,15:36:52
IMAIL_STAGE2,Switzerland,2018-04-12,185.35.63.190,587,337,16:02:35
PortScan,Japan,2018-04-12,139.162.102.46,3128,048,16:21:48
MYDOOM_STAGE1,Japan,2018-04-12,139.162.102.46,3128,196,16:21:48
PortScan,Indonesia,2018-04-12,117.102.72.138,445,769,19:35:12
PortScan,Indonesia,2018-04-12,117.102.72.138,445,264,19:37:01
IIS_STAGE1,United States,2018-04-12,141.212.122.48,443,304,19:44:10
PortScan,United States,2018-04-12,196.52.43.108,143,511,20:06:20
PortScan,Vietnam,2018-04-12,113.161.220.198,445,683,20:26:37
PortScan,Vietnam,2018-04-12,113.161.220.198,445,106,20:28:26
PortScan,China,2018-04-12,60.171.235.4,445,129,20:29:46
PortScan,China,2018-04-12,60.171.235.4,445,187,20:31:37
PortScan,Lithuania,2018-04-12,86.38.29.33,445,077,20:46:11
"SLMAIL_STAGE1, MDAEMON_STAGE1",United States,2018-04-12,196.52.43.101,110,314,21:11:55
PortScan,United States,2018-04-12,216.34.250.230,445,620,21:15:22
PortScan,United States,2018-04-12,216.34.250.230,445,537,21:17:13
"SLMAIL_STAGE1, MDAEMON_STAGE1",United States,2018-04-12,196.52.43.62,110,387,21:28:07
PortScan,United States,2018-04-12,71.6.158.166,25,894,21:41:10
PortScan,United States,2018-04-12,196.52.43.86,139,821,21:54:51
"SLMAIL_STAGE1, MDAEMON_STAGE1",United States,2018-04-12,107.170.224.155,110,621,22:02:42
PortScan,"Iran, Islamic Republic of",2018-04-12,185.165.29.217,445,183,22:11:07
PortScan,Vietnam,2018-04-21,113.175.140.233,445,547,00:11:58
PortScan,Vietnam,2018-04-21,113.175.140.233,445,917,00:13:46
PortScan,Hong Kong,2018-04-21,164.52.6.150,443,713,00:25:34
IIS_STAGE1,Hong Kong,2018-04-21,164.52.6.150,443,221,00:25:38
IIS_STAGE1,Hong Kong,2018-04-21,164.52.6.150,443,514,00:25:38
PortScan,Japan,2018-04-21,139.162.99.243,25,256,00:37:53
PortScan,Thailand,2018-04-21,49.229.227.166,445,772,00:51:56
PortScan,Thailand,2018-04-21,49.229.227.166,445,570,00:53:47
PortScan,Vietnam,2018-04-21,14.187.80.144,445,945,01:52:01
PortScan,Vietnam,2018-04-21,14.187.80.144,445,378,01:53:50
PortScan,India,2018-04-21,103.208.111.165,445,525,02:15:25
PortScan,Germany,2018-04-21,85.25.117.53,445,564,02:15:52
PortScan,India,2018-04-21,103.208.111.165,445,736,02:17:16
PortScan,Bangladesh,2018-04-21,202.74.243.35,445,282,02:25:22
PortScan,Bangladesh,2018-04-21,202.74.243.35,445,406,02:27:13
PortScan,Indonesia,2018-04-21,202.158.91.204,445,942,03:43:23
PortScan,Indonesia,2018-04-21,202.158.91.204,445,030,03:45:15
IMAIL_STAGE2,Netherlands,2018-04-21,188.166.86.31,25,271,03:53:54
PortScan,India,2018-04-21,103.249.180.49,445,393,04:23:12
PortScan,India,2018-04-21,103.249.180.49,445,123,04:25:02
IIS_STAGE1,Japan,2018-04-21,139.162.116.133,443,364,04:54:33
PortScan,Japan,2018-04-21,139.162.102.46,3127,978,04:58:45
MYDOOM_STAGE1,Japan,2018-04-21,139.162.102.46,3127,138,04:58:46
PortScan,Kazakhstan,2018-04-21,93.185.77.51,445,409,05:32:13
PortScan,Kazakhstan,2018-04-21,93.185.77.51,445,818,05:34:01
PortScan,"Korea, Republic of",2018-04-21,183.86.238.193,445,324,05:36:36
PortScan,Thailand,2018-04-21,183.88.243.93,445,611,06:18:27
PortScan,Thailand,2018-04-21,183.88.243.93,445,482,06:20:16
PortScan,Thailand,2018-04-21,110.77.200.139,445,048,06:20:35
PortScan,Thailand,2018-04-21,110.77.200.139,445,693,06:22:23
PortScan,Ukraine,2018-04-21,176.8.213.139,445,992,09:59:46
PortScan,Ukraine,2018-04-21,176.8.213.139,445,382,10:01:36
PortScan,Egypt,2018-04-21,41.32.70.9,445,930,10:25:49
PortScan,Egypt,2018-04-21,41.32.70.9,445,012,10:27:41
FTPD_STAGE2,China,2018-04-21,222.186.58.108,21,026,10:54:36
PortScan,Chile,2018-04-21,200.72.42.58,445,267,11:01:55
PortScan,Chile,2018-04-21,200.72.42.58,445,567,11:03:43
PortScan,Pakistan,2018-04-21,124.29.246.106,25,631,11:04:19
PortScan,Ukraine,2018-04-21,109.87.40.102,445,659,11:07:37
PortScan,Ukraine,2018-04-21,109.87.40.102,445,031,11:09:26
IIS_STAGE1,Taiwan,2018-04-21,211.23.154.138,443,788,11:31:20
PortScan,Russian Federation,2018-04-21,89.175.57.82,445,252,11:43:32
PortScan,Russian Federation,2018-04-21,89.175.57.82,445,279,11:45:23
FTPD_STAGE2,China,2018-04-21,222.186.58.108,21,903,12:02:57
PortScan,Indonesia,2018-04-21,36.80.56.150,445,807,12:10:00
PortScan,Indonesia,2018-04-21,36.80.56.150,445,105,12:11:52
PortScan,France,2018-04-21,79.174.248.227,445,996,12:13:57
PortScan,France,2018-04-21,79.174.248.227,445,509,12:15:48
PortScan,Russian Federation,2018-04-21,94.25.171.127,445,585,14:30:43
PortScan,Russian Federation,2018-04-21,94.25.171.127,445,662,14:32:34
IMAIL_STAGE2,United States,2018-04-21,141.212.122.176,25,768,14:55:46
PortScan,Indonesia,2018-04-21,36.71.16.78,445,560,15:22:11
PortScan,Indonesia,2018-04-21,36.71.16.78,445,691,15:24:02
IMAIL_STAGE2,Seychelles,2018-04-21,89.248.169.103,25,665,15:35:07
PortScan,Lithuania,2018-04-21,86.38.29.33,445,483,16:05:21
PortScan,Taiwan,2018-04-21,218.32.80.3,135,580,17:31:34
PortScan,Taiwan,2018-04-21,218.32.80.3,135,611,17:31:37
PortScan,Bangladesh,2018-04-21,103.76.154.2,445,597,18:40:47
PortScan,Bangladesh,2018-04-21,103.76.154.2,445,743,18:42:38
PortScan,Venezuela,2018-04-21,186.88.104.202,445,234,20:39:33
PortScan,Venezuela,2018-04-21,186.88.104.202,445,131,20:41:19
PortScan,China,2018-04-21,180.175.43.131,445,148,21:53:29
PortScan,China,2018-04-21,180.175.43.131,445,590,21:55:17
PortScan,Indonesia,2018-04-21,125.161.3.32,445,153,23:08:26
PortScan,Indonesia,2018-04-21,125.161.3.32,445,362,23:10:17
"SLMAIL_STAGE1, MDAEMON_STAGE1",United States,2018-04-21,141.212.122.64,110,557,23:34:05
PortScan,Venezuela,2018-04-13,190.198.241.107,445,237,00:02:11
PortScan,Venezuela,2018-04-13,190.198.241.107,445,013,00:04:00
IIS_STAGE1,France,2018-04-13,212.83.151.237,443,159,00:16:40
IIS_STAGE1,France,2018-04-13,212.83.151.237,443,417,00:16:40
PortScan,Indonesia,2018-04-13,36.84.224.236,445,064,00:55:17
PortScan,Indonesia,2018-04-13,36.84.224.236,445,664,00:57:05
PortScan,Vietnam,2018-04-13,117.5.140.149,445,859,01:02:23
PortScan,Vietnam,2018-04-13,117.5.140.149,445,227,01:04:12
PortScan,Indonesia,2018-04-13,36.82.98.45,445,843,01:07:51
PortScan,Egypt,2018-04-13,62.114.47.71,445,637,01:09:24
PortScan,Egypt,2018-04-13,62.114.47.71,445,006,01:11:13
PortScan,"Iran, Islamic Republic of",2018-04-13,185.165.29.217,445,657,01:59:47
IMAIL_STAGE2,United States,2018-04-13,107.170.192.241,25,176,02:30:45
PortScan,Vietnam,2018-04-13,116.97.91.234,445,743,03:22:16
PortScan,Vietnam,2018-04-13,116.97.91.234,445,341,03:24:05
PortScan,Indonesia,2018-04-13,125.167.245.51,445,567,03:24:36
PortScan,China,2018-04-13,123.162.80.221,445,876,04:20:06
PortScan,China,2018-04-13,123.162.80.221,445,624,04:21:56
PortScan,China,2018-04-13,123.162.80.221,445,872,04:25:08
PortScan,Japan,2018-04-13,139.162.102.46,3127,291,04:42:20
MYDOOM_STAGE1,Japan,2018-04-13,139.162.102.46,3127,437,04:42:20
PortScan,Pakistan,2018-04-13,110.34.32.206,445,017,06:48:18
PortScan,Kyrgyzstan,2018-04-13,158.181.18.72,445,952,07:45:21
PortScan,Venezuela,2018-04-13,201.242.109.70,445,694,08:08:03
PortScan,Poland,2018-04-26,77.115.56.85,445,254,00:23:00
PortScan,Poland,2018-04-26,77.115.56.85,445,579,00:24:48
PortScan,United States,2018-04-26,198.98.52.17,445,700,00:29:35
PortScan,United States,2018-04-26,198.98.52.17,445,265,00:31:39
PortScan,Vietnam,2018-04-26,14.162.221.59,445,116,00:43:07
PortScan,Vietnam,2018-04-26,14.162.221.59,445,568,00:44:55
PortScan,China,2018-04-26,116.31.75.13,445,058,00:48:52
PortScan,Philippines,2018-04-26,122.53.117.82,445,118,01:44:10
PortScan,Philippines,2018-04-26,122.53.117.82,445,468,01:45:58
PortScan,Indonesia,2018-04-26,114.30.86.150,445,128,02:08:00
PortScan,Russian Federation,2018-04-26,77.73.90.195,445,675,02:24:39
PortScan,Russian Federation,2018-04-26,77.73.90.195,445,724,02:26:30
PortScan,Vietnam,2018-04-26,210.245.81.93,445,349,02:40:11
PortScan,Vietnam,2018-04-26,210.245.81.93,445,750,02:41:59
PortScan,Russian Federation,2018-04-26,5.8.18.85,443,374,02:51:36
IIS_STAGE1,Russian Federation,2018-04-26,5.8.18.85,443,013,02:51:38
PortScan,Indonesia,2018-04-26,202.137.15.193,445,605,03:52:24
PortScan,Indonesia,2018-04-26,202.137.15.193,445,042,03:54:13
PortScan,United States,2018-04-26,107.170.235.199,1080,135,04:22:51
PortScan,Thailand,2018-04-26,1.20.235.217,445,769,04:24:54
PortScan,Thailand,2018-04-26,1.20.235.217,445,249,04:26:43
PortScan,Brazil,2018-04-26,168.227.89.134,445,187,04:38:38
PortScan,Brazil,2018-04-26,168.227.89.134,445,715,04:40:27
IIS_STAGE1,United States,2018-04-26,141.212.122.16,443,992,04:49:29
IMAIL_STAGE2,United States,2018-04-26,209.126.136.5,25,413,05:21:25
PortScan,Vietnam,2018-04-26,113.160.106.216,445,627,06:19:01
PortScan,Vietnam,2018-04-26,113.160.106.216,445,992,06:20:49
IIS_STAGE1,United States,2018-04-26,141.212.122.32,443,706,07:51:30
IMAIL_STAGE2,United States,2018-04-26,107.170.237.209,25,698,08:01:05
PortScan,Pakistan,2018-04-26,39.44.6.95,445,705,09:10:13
PortScan,Pakistan,2018-04-26,39.44.6.95,445,139,09:12:02
PortScan,Argentina,2018-04-26,200.69.201.249,445,890,09:16:42
PortScan,Argentina,2018-04-26,200.69.201.249,445,335,09:18:31
PortScan,Hong Kong,2018-04-26,164.52.6.150,443,683,09:25:14
IIS_STAGE1,Hong Kong,2018-04-26,164.52.6.150,443,198,09:25:18
IIS_STAGE1,Hong Kong,2018-04-26,164.52.6.150,443,517,09:25:18
PortScan,Chile,2018-04-26,190.151.27.99,445,676,09:47:19
PortScan,Chile,2018-04-26,190.151.27.99,445,686,09:49:10
PortScan,Hong Kong,2018-04-26,202.134.97.217,445,210,09:56:03
PortScan,Hong Kong,2018-04-26,202.134.97.217,445,598,09:57:51
IIS_STAGE1,China,2018-04-26,117.50.7.159,443,564,10:24:11
IIS_STAGE1,China,2018-04-26,117.50.7.159,443,559,10:24:13
PortScan,China,2018-04-26,117.50.7.159,443,563,10:24:24
IIS_STAGE1,China,2018-04-26,117.50.7.159,443,546,10:24:25
IIS_STAGE1,China,2018-04-26,117.50.7.159,443,452,10:24:35
PortScan,Venezuela,2018-04-26,200.109.228.2,445,184,10:34:25
PortScan,Venezuela,2018-04-26,200.109.228.2,445,466,10:36:16
PortScan,United States,2018-04-26,71.6.165.200,587,816,11:44:05
,United States,2018-04-26,107.170.238.166,587,572,11:54:52
PortScan,Pakistan,2018-04-26,175.107.221.114,445,095,13:03:56
PortScan,Indonesia,2018-04-26,36.80.218.207,445,319,14:12:38
PortScan,Indonesia,2018-04-26,36.80.218.207,445,473,14:14:29
IMAIL_STAGE2,United States,2018-04-26,107.170.224.166,25,410,18:31:52
IMAIL_STAGE2,Seychelles,2018-04-26,80.82.70.118,25,024,20:23:40
PortScan,Indonesia,2018-04-26,125.161.105.156,445,496,21:13:03
PortScan,Indonesia,2018-04-26,125.161.105.156,445,929,21:14:51
PortScan,United States,2018-04-26,107.170.233.140,110,994,22:03:42
PortScan,Japan,2018-04-26,139.162.102.46,3127,364,22:30:42
MYDOOM_STAGE1,Japan,2018-04-26,139.162.102.46,3127,510,22:30:42
MYDOOM_STAGE1,Japan,2018-04-26,139.162.102.46,3127,796,22:30:42
MYDOOM_STAGE1,Japan,2018-04-26,139.162.102.46,3127,368,22:30:43
PortScan,Japan,2018-04-26,139.162.102.46,3127,655,22:30:53
PortScan,Japan,2018-04-26,139.162.99.243,25,686,22:55:46
PortScan,Indonesia,2018-04-26,112.215.200.79,445,613,23:54:55
PortScan,Indonesia,2018-04-26,112.215.200.79,445,761,23:56:46
PortScan,India,2018-05-02,182.75.151.34,445,657,00:36:15
PortScan,India,2018-05-02,182.75.151.34,445,445,00:38:04
PortScan,Indonesia,2018-05-02,36.84.226.175,445,535,00:43:00
PortScan,Taiwan,2018-05-02,61.220.243.187,445,866,01:52:19
PortScan,Taiwan,2018-05-02,61.220.243.187,445,223,01:54:08
PortScan,Russian Federation,2018-05-02,77.222.108.58,445,025,02:00:16
PortScan,Russian Federation,2018-05-02,77.222.108.58,445,409,02:02:04
PortScan,Taiwan,2018-05-02,106.106.167.27,445,328,02:04:32
PortScan,Taiwan,2018-05-02,106.106.167.27,445,731,02:06:20
PortScan,Indonesia,2018-05-02,180.246.184.234,445,469,02:26:38
PortScan,Indonesia,2018-05-02,180.246.184.234,445,160,02:28:27
PortScan,Turkey,2018-05-02,88.255.85.11,445,052,02:40:45
PortScan,Turkey,2018-05-02,88.255.85.11,445,112,02:42:36
PortScan,Turkey,2018-05-02,195.175.60.118,445,902,02:51:14
PortScan,Vietnam,2018-05-02,115.78.226.216,445,028,02:52:09
PortScan,Turkey,2018-05-02,195.175.60.118,445,971,02:53:05
PortScan,Vietnam,2018-05-02,115.78.226.216,445,430,02:53:57
PortScan,Vietnam,2018-05-02,115.78.226.216,445,805,02:54:27
PortScan,Vietnam,2018-05-02,115.78.226.216,445,170,02:56:07
PortScan,Vietnam,2018-05-02,115.78.226.216,445,709,02:56:26
PortScan,Vietnam,2018-05-02,14.231.190.229,445,193,03:25:05
PortScan,Vietnam,2018-05-02,14.231.190.229,445,553,03:26:53
PortScan,Vietnam,2018-05-02,42.115.215.196,445,368,03:49:31
PortScan,Vietnam,2018-05-02,42.115.215.196,445,127,03:51:20
PortScan,Russian Federation,2018-05-02,84.39.245.212,445,891,04:35:05
PortScan,Russian Federation,2018-05-02,84.39.245.212,445,323,04:36:54
PortScan,France,2018-05-02,212.83.178.214,445,201,04:38:53
PortScan,France,2018-05-02,212.83.178.214,445,184,04:40:44
PortScan,Indonesia,2018-05-02,202.158.53.6,445,636,04:55:54
PortScan,Thailand,2018-05-02,125.24.68.243,445,611,04:56:01
PortScan,Thailand,2018-05-02,125.24.68.243,445,728,04:57:52
PortScan,United States,2018-05-02,66.35.51.199,25,686,04:58:57
IMAIL_STAGE2,Israel,2018-05-02,84.95.237.68,25,430,05:13:16
PortScan,Vietnam,2018-05-02,113.190.254.240,445,749,05:15:01
PortScan,China,2018-05-02,121.201.111.22,445,493,05:19:40
PortScan,China,2018-05-02,121.201.111.22,445,928,05:21:28
PortScan,United States,2018-05-02,66.35.51.199,110,524,05:30:32
PortScan,Vietnam,2018-05-02,123.19.195.61,445,514,05:34:59
PortScan,Vietnam,2018-05-02,123.19.195.61,445,854,05:36:47
PortScan,Malaysia,2018-05-02,202.58.86.29,445,047,05:51:09
PortScan,Brazil,2018-05-02,179.126.197.65,445,440,07:29:01
PortScan,Brazil,2018-05-02,179.126.197.65,445,533,07:30:52
IMAIL_STAGE2,United States,2018-05-02,107.170.232.114,25,576,08:15:36
IIS_STAGE1,United States,2018-05-02,141.212.122.48,443,780,09:14:53
PortScan,Ukraine,2018-05-02,176.109.173.10,445,746,10:26:17
PortScan,Thailand,2018-05-02,110.77.138.97,445,691,11:10:29
PortScan,Thailand,2018-05-02,110.77.138.97,445,855,11:12:20
MYDOOM_STAGE1,China,2018-05-02,180.97.106.39,3128,095,12:11:30
PortScan,Nigeria,2018-05-02,197.210.8.119,445,476,12:29:25
PortScan,Nigeria,2018-05-02,197.210.8.119,445,767,12:31:14
,United States,2018-05-02,107.170.230.97,587,890,13:07:12
PortScan,Brazil,2018-05-02,201.7.127.118,445,625,13:25:36
PortScan,Brazil,2018-05-02,201.7.127.118,445,869,13:27:27
PortScan,United States,2018-05-02,47.203.88.161,3128,548,13:29:06
MYDOOM_STAGE1,United States,2018-05-02,47.203.88.161,3128,016,13:29:17
MYDOOM_STAGE1,United States,2018-05-02,47.203.88.161,3128,101,13:29:17
MYDOOM_STAGE1,United States,2018-05-02,47.203.88.161,3128,187,13:29:17
PortScan,Chile,2018-05-02,190.208.43.108,445,166,14:01:26
PortScan,Chile,2018-05-02,190.208.43.108,445,463,14:03:14
MYDOOM_STAGE1,China,2018-05-02,180.97.106.39,3128,514,14:32:27
PortScan,China,2018-05-02,58.48.28.240,3128,350,14:32:28
MYDOOM_STAGE1,China,2018-05-02,180.97.106.39,3128,765,14:37:47
IMAIL_STAGE2,Ireland,2018-05-02,185.58.17.122,25,702,15:02:59
PortScan,Turkey,2018-05-02,85.105.87.156,445,170,15:29:56
PortScan,Turkey,2018-05-02,85.105.87.156,445,103,15:31:46
IIS_STAGE1,Japan,2018-05-02,139.162.78.135,443,487,15:49:39
IMAIL_STAGE2,United States,2018-05-02,159.65.175.241,25,973,15:51:27
PortScan,Colombia,2018-05-02,190.60.76.226,445,778,16:20:25
MYDOOM_STAGE1,China,2018-05-02,180.95.217.190,3128,128,16:24:56
PortScan,China,2018-05-02,139.170.68.241,3128,764,16:24:56
MYDOOM_STAGE1,China,2018-05-02,124.88.64.195,3128,534,16:24:59
MYDOOM_STAGE1,China,2018-05-02,221.13.12.40,3128,860,16:24:59
MYDOOM_STAGE1,China,2018-05-02,139.170.71.115,3128,271,16:25:01
MYDOOM_STAGE1,China,2018-05-02,27.16.213.255,3128,476,16:25:01
MYDOOM_STAGE1,China,2018-05-02,61.159.249.201,3128,238,16:25:05
MYDOOM_STAGE1,China,2018-05-02,61.159.249.144,3128,398,16:25:05
PortScan,Colombia,2018-05-02,190.60.76.226,445,351,16:25:41
PortScan,Russian Federation,2018-05-02,85.143.104.225,445,333,16:35:07
PortScan,Russian Federation,2018-05-02,94.28.54.6,445,335,18:31:38
PortScan,Venezuela,2018-05-02,190.203.249.2,445,733,19:24:41
PortScan,Venezuela,2018-05-02,190.203.249.2,445,005,19:26:30
PortScan,China,2018-05-02,123.179.5.172,1080,017,19:38:23
MYDOOM_STAGE1,China,2018-05-02,49.77.14.252,3128,692,20:23:52
MYDOOM_STAGE1,China,2018-05-02,58.19.56.112,3128,824,20:23:52
MYDOOM_STAGE1,China,2018-05-02,180.95.225.238,3128,610,20:23:54
MYDOOM_STAGE1,China,2018-05-02,113.206.180.49,3128,247,20:23:56
MYDOOM_STAGE1,China,2018-05-02,180.95.225.235,3128,789,20:23:58
MYDOOM_STAGE1,China,2018-05-02,110.167.88.97,3128,916,20:24:02
MYDOOM_STAGE1,China,2018-05-02,180.136.217.84,3128,738,20:24:17
PortScan,Vietnam,2018-05-02,27.67.130.23,445,641,22:36:18
PortScan,Vietnam,2018-05-02,27.67.130.23,445,297,22:38:07
PortScan,Vietnam,2018-05-02,113.190.232.42,445,731,22:47:30
PortScan,Vietnam,2018-05-02,113.190.232.42,445,843,22:49:21
PortScan,Vietnam,2018-05-02,171.225.69.2,445,874,23:04:10
PortScan,Vietnam,2018-05-02,171.225.69.2,445,270,23:05:59
PortScan,Indonesia,2018-05-02,110.137.87.24,445,818,23:24:19
PortScan,Indonesia,2018-05-02,36.80.26.145,445,419,23:59:41
PortScan,Ukraine,2018-04-16,82.207.94.140,445,524,17:48:08
PortScan,Ukraine,2018-04-16,82.207.94.140,445,614,17:49:59
PortScan,Egypt,2018-04-16,41.33.197.132,445,178,19:20:50
PortScan,Egypt,2018-04-16,41.33.197.132,445,239,19:22:41
"SLMAIL_STAGE1, MDAEMON_STAGE1",United States,2018-04-16,107.170.237.32,110,744,19:24:58
"SLMAIL_STAGE1, MDAEMON_STAGE1",United States,2018-04-16,196.52.43.105,110,104,19:45:29
"SLMAIL_STAGE1, MDAEMON_STAGE1",United States,2018-04-16,196.52.43.98,110,501,19:57:49
PortScan,Indonesia,2018-04-16,36.89.53.77,445,599,20:13:30
PortScan,Venezuela,2018-04-16,186.95.235.248,445,724,20:14:51
PortScan,Indonesia,2018-04-16,36.89.53.77,445,731,20:15:21
PortScan,United Kingdom,2018-04-16,5.151.196.72,445,056,20:31:47
PortScan,United States,2018-04-16,196.52.43.63,445,475,20:46:19
PortScan,Russian Federation,2018-04-16,128.69.4.62,445,882,21:09:23
PortScan,Russian Federation,2018-04-16,128.69.4.62,445,175,21:11:14
PortScan,Russian Federation,2018-04-16,128.69.4.62,445,054,21:15:21
PortScan,United States,2018-04-16,69.164.208.36,445,435,21:27:53
PortScan,United States,2018-04-16,107.170.192.119,110,651,21:49:34
PortScan,Vietnam,2018-04-16,27.64.84.40,445,859,22:17:20
PortScan,Vietnam,2018-04-16,27.64.84.40,445,301,22:19:09
PortScan,United States,2018-04-16,69.58.115.22,445,037,22:19:35
IIS_STAGE1,Japan,2018-04-27,139.162.116.133,443,393,00:22:26
PortScan,United States,2018-04-27,107.170.194.203,135,080,01:24:41
"SLMAIL_STAGE1, MDAEMON_STAGE1",Seychelles,2018-04-27,80.82.70.118,110,817,01:52:16
PortScan,Indonesia,2018-04-27,158.140.167.56,445,556,02:28:02
PortScan,United States,2018-04-27,107.170.250.210,139,018,02:39:14
PortScan,United States,2018-04-27,107.170.235.199,143,071,03:10:18
PortScan,Japan,2018-04-27,139.162.102.46,3128,646,03:24:26
MYDOOM_STAGE1,Japan,2018-04-27,139.162.102.46,3128,780,03:24:26
PortScan,India,2018-04-27,117.247.233.11,445,985,03:27:57
PortScan,Indonesia,2018-04-27,36.84.63.134,445,772,03:29:41
PortScan,India,2018-04-27,117.247.233.11,445,231,03:29:49
PortScan,Indonesia,2018-04-27,36.84.63.134,445,466,03:31:31
IIS_STAGE1,France,2018-04-27,212.129.50.159,443,911,03:43:50
IIS_STAGE1,France,2018-04-27,212.129.50.159,443,148,03:43:51
PortScan,India,2018-04-27,122.160.138.151,445,713,04:17:11
PortScan,India,2018-04-27,122.160.138.151,445,189,04:19:00
PortScan,Thailand,2018-04-27,182.232.157.48,445,871,05:04:22
PortScan,Vietnam,2018-04-27,203.205.27.135,445,204,05:17:22
PortScan,Vietnam,2018-04-27,203.205.27.135,445,587,05:19:10
PortScan,Pakistan,2018-04-27,121.52.159.144,445,266,05:37:17
PortScan,Pakistan,2018-04-27,121.52.159.144,445,713,05:39:05
PortScan,China,2018-04-27,222.73.205.46,445,236,05:46:23
PortScan,United States,2018-04-27,196.52.43.113,139,164,06:32:54
PortScan,Russian Federation,2018-04-27,5.35.16.66,445,983,07:16:26
PortScan,Russian Federation,2018-04-27,5.35.16.66,445,304,07:18:15
PortScan,India,2018-04-27,111.93.226.18,445,641,08:08:28
PortScan,India,2018-04-27,111.93.226.18,445,013,08:10:20
PortScan,Colombia,2018-04-27,190.60.76.226,445,122,08:15:40
PortScan,Colombia,2018-04-27,190.60.76.226,445,668,08:20:55
PortScan,Armenia,2018-04-27,37.186.123.239,445,652,08:46:10
PortScan,Armenia,2018-04-27,37.186.123.239,445,048,08:47:59
PortScan,United States,2018-04-27,196.52.43.61,445,708,08:56:56
PortScan,United States,2018-04-27,107.170.230.110,5000,556,10:02:45
PortScan,United States,2018-04-27,72.251.61.200,445,146,10:21:56
PortScan,United States,2018-04-27,72.251.61.200,445,286,10:23:47
PortScan,Germany,2018-04-27,87.106.70.5,445,810,10:35:30
PortScan,Germany,2018-04-27,87.106.70.5,445,805,10:37:21
PortScan,Egypt,2018-04-27,197.50.170.26,445,475,10:42:00
PortScan,Egypt,2018-04-27,197.50.170.26,445,835,10:43:48
PortScan,Bangladesh,2018-04-27,103.76.155.14,445,156,10:56:45
PortScan,Bangladesh,2018-04-27,103.76.155.14,445,619,10:58:33
PortScan,Bangladesh,2018-04-27,103.76.155.14,445,672,10:59:47
PortScan,Bangladesh,2018-04-27,103.76.155.14,445,172,11:00:53
PortScan,Bangladesh,2018-04-27,103.76.155.14,445,655,11:02:33
PortScan,India,2018-04-27,117.232.118.82,445,446,11:13:36
PortScan,India,2018-04-27,117.232.118.82,445,554,11:15:27
PortScan,Brazil,2018-04-27,189.42.6.166,445,566,11:15:36
PortScan,Brazil,2018-04-27,189.42.6.166,445,908,11:17:24
PortScan,Russian Federation,2018-04-27,46.241.144.90,445,238,12:22:40
PortScan,Russian Federation,2018-04-27,46.241.144.90,445,683,12:24:28
PortScan,Russian Federation,2018-04-27,176.107.230.191,445,715,14:59:19
PortScan,Colombia,2018-04-27,186.154.234.164,445,209,15:09:02
PortScan,Colombia,2018-04-27,186.154.234.164,445,324,15:10:52
PortScan,India,2018-04-27,121.200.50.99,445,093,15:19:42
PortScan,India,2018-04-27,121.200.50.99,445,254,15:21:33
PortScan,United States,2018-04-27,196.52.43.129,143,543,15:59:53
PortScan,United States,2018-04-27,196.52.43.91,139,616,16:27:58
"SLMAIL_STAGE1, MDAEMON_STAGE1",United States,2018-04-27,196.52.43.109,110,950,18:04:01
"SLMAIL_STAGE1, MDAEMON_STAGE1",United States,2018-04-27,196.52.43.92,110,260,18:12:04
PortScan,United States,2018-04-27,196.52.43.66,5000,149,18:29:14
PortScan,El Salvador,2018-04-27,190.57.75.62,445,392,18:34:28
PortScan,Ukraine,2018-04-27,109.251.248.13,445,995,19:14:25
PortScan,Ukraine,2018-04-27,109.251.248.13,445,024,19:16:17
IIS_STAGE1,United States,2018-04-27,71.6.202.198,443,883,22:04:06
PortScan,Vietnam,2018-04-27,113.188.106.166,445,625,23:07:31
PortScan,Vietnam,2018-04-27,113.188.106.166,445,029,23:09:20
PortScan,Ukraine,2018-04-28,91.197.19.203,445,833,00:49:52
PortScan,Ukraine,2018-04-28,91.197.19.203,445,432,00:51:42
PortScan,Vietnam,2018-04-28,113.161.166.126,445,260,01:56:44
PortScan,Vietnam,2018-04-28,113.161.166.126,445,756,01:58:32
PortScan,Russian Federation,2018-04-28,95.181.3.232,445,114,02:08:51
PortScan,Russian Federation,2018-04-28,95.181.3.232,445,219,02:10:42
PortScan,Mexico,2018-04-28,187.160.114.228,445,101,02:53:13
PortScan,Russian Federation,2018-04-28,94.125.243.88,445,562,03:56:26
PortScan,Vietnam,2018-04-28,113.161.88.22,445,196,03:57:56
PortScan,Russian Federation,2018-04-28,94.125.243.88,445,960,03:58:14
PortScan,Vietnam,2018-04-28,113.161.88.22,445,567,03:59:44
PortScan,Brazil,2018-04-28,187.52.54.42,445,580,04:21:40
PortScan,Brazil,2018-04-28,187.52.54.42,445,618,04:23:31
PortScan,"Iran, Islamic Republic of",2018-04-28,46.209.142.162,445,931,04:32:22
PortScan,"Iran, Islamic Republic of",2018-04-28,46.209.142.162,445,065,04:34:14
PortScan,India,2018-04-28,183.82.111.189,445,803,05:06:18
PortScan,India,2018-04-28,183.82.111.189,445,752,05:08:09
PortScan,Egypt,2018-04-28,41.65.3.131,445,375,05:11:23
PortScan,Egypt,2018-04-28,41.65.3.131,445,559,05:13:14
PortScan,Egypt,2018-04-28,41.65.3.131,445,127,05:14:57
PortScan,Russian Federation,2018-04-28,82.198.189.177,445,082,05:27:04
PortScan,Russian Federation,2018-04-28,82.198.189.177,445,112,05:28:55
PortScan,India,2018-04-28,117.215.220.60,445,854,05:30:29
PortScan,India,2018-04-28,117.215.220.60,445,065,05:32:21
PortScan,India,2018-04-28,117.232.67.130,445,588,06:11:59
PortScan,India,2018-04-28,117.232.67.130,445,023,06:13:48
PortScan,Brazil,2018-04-28,177.190.118.6,445,024,06:51:07
PortScan,Brazil,2018-04-28,177.190.118.6,445,085,06:52:58
PortScan,Vietnam,2018-04-28,27.73.64.47,445,970,08:08:55
PortScan,Vietnam,2018-04-28,27.73.64.47,445,369,08:10:44
PortScan,India,2018-04-28,182.72.204.139,445,756,08:12:20
PortScan,India,2018-04-28,182.72.204.139,445,899,08:14:11
PortScan,Venezuela,2018-04-28,190.73.8.228,445,206,08:14:41
PortScan,India,2018-04-28,117.204.193.12,445,111,08:29:48
PortScan,Ecuador,2018-04-28,181.211.164.238,445,137,09:08:06
PortScan,Ecuador,2018-04-28,181.211.164.238,445,125,09:09:57
PortScan,Venezuela,2018-04-28,190.78.230.33,445,321,10:16:00
PortScan,Venezuela,2018-04-28,190.78.230.33,445,916,10:17:48
PortScan,Venezuela,2018-04-28,186.95.230.33,445,570,10:44:02
PortScan,Indonesia,2018-04-28,110.136.195.104,445,176,10:49:23
PortScan,Indonesia,2018-04-28,110.136.195.104,445,934,10:51:11
"SLMAIL_STAGE1, MDAEMON_STAGE1",United States,2018-04-28,141.212.122.16,110,754,11:10:13
PortScan,Colombia,2018-04-28,201.184.241.122,135,572,13:07:55
PortScan,United States,2018-04-28,104.174.149.147,445,589,13:50:41
PortScan,Brazil,2018-05-04,187.120.222.2,445,603,00:18:55
PortScan,Brazil,2018-05-04,187.120.222.2,445,096,00:20:45
PortScan,India,2018-05-04,122.176.161.28,445,046,00:27:58
PortScan,India,2018-05-04,122.176.161.28,445,783,00:29:47
PortScan,Bangladesh,2018-05-04,103.84.38.158,445,238,00:33:15
PortScan,Bangladesh,2018-05-04,103.84.38.158,445,685,00:35:03
PortScan,Bangladesh,2018-05-04,103.84.38.158,445,808,00:35:45
PortScan,Bangladesh,2018-05-04,103.84.38.158,445,776,00:37:36
PortScan,Russian Federation,2018-05-04,188.244.6.96,445,668,00:47:34
PortScan,Russian Federation,2018-05-04,188.244.6.96,445,463,00:49:25
"SLMAIL_STAGE1, MDAEMON_STAGE1",Seychelles,2018-05-04,80.82.70.118,110,526,00:52:37
IMAIL_STAGE1,Costa Rica,2018-05-04,143.137.151.100,25,715,01:02:23
PortScan,Philippines,2018-05-04,124.106.83.114,445,299,01:52:48
PortScan,Russian Federation,2018-05-04,178.161.128.246,445,117,01:53:03
PortScan,Philippines,2018-05-04,124.106.83.114,445,641,01:54:36
PortScan,Russian Federation,2018-05-04,178.161.128.246,445,154,01:54:54
PortScan,Japan,2018-05-04,139.162.102.46,3128,856,02:04:25
MYDOOM_STAGE1,Japan,2018-05-04,139.162.102.46,3128,996,02:04:25
PortScan,Russian Federation,2018-05-04,178.161.128.246,445,502,02:09:03
PortScan,Russian Federation,2018-05-04,178.161.128.246,445,542,02:10:54
PortScan,Russian Federation,2018-05-04,85.95.162.21,445,865,02:49:13
PortScan,Russian Federation,2018-05-04,85.95.162.21,445,619,02:51:02
PortScan,United States,2018-05-04,196.52.43.59,143,905,03:38:29
PortScan,Vietnam,2018-05-04,1.55.46.191,445,592,04:20:15
PortScan,Vietnam,2018-05-04,1.55.46.191,445,964,04:22:03
PortScan,India,2018-05-04,103.216.236.92,445,289,04:33:41
PortScan,India,2018-05-04,103.216.236.92,445,956,04:35:30
PortScan,Venezuela,2018-05-04,200.93.83.133,445,734,05:01:42
PortScan,Venezuela,2018-05-04,200.93.83.133,445,832,05:03:33
PortScan,Taiwan,2018-05-04,122.121.232.101,445,795,05:27:13
PortScan,Taiwan,2018-05-04,122.121.232.101,445,202,05:29:02
PortScan,Vietnam,2018-05-04,14.162.145.110,445,718,06:04:10
PortScan,Vietnam,2018-05-04,14.162.145.110,445,363,06:05:59
PortScan,Iraq,2018-05-04,89.46.203.226,445,804,06:09:47
PortScan,Iraq,2018-05-04,89.46.203.226,445,911,06:11:38
PortScan,United States,2018-05-04,196.52.43.97,139,237,06:24:29
PortScan,Hong Kong,2018-05-04,164.52.24.142,445,570,06:47:24
PortScan,Kyrgyzstan,2018-05-04,89.237.195.69,445,607,07:09:03
PortScan,United States,2018-05-04,196.52.43.52,5000,875,07:51:26
PortScan,Dominican Republic,2018-05-04,186.150.207.207,445,472,08:07:02
PortScan,Dominican Republic,2018-05-04,186.150.207.207,445,377,08:08:53
PortScan,India,2018-05-04,103.103.52.142,445,273,08:15:24
PortScan,India,2018-05-04,103.103.52.142,445,037,08:17:14
PortScan,Nigeria,2018-05-04,197.255.160.239,445,643,08:24:21
PortScan,Nigeria,2018-05-04,197.255.160.239,445,272,08:26:11
PortScan,India,2018-05-04,117.254.84.122,445,395,09:45:16
PortScan,United States,2018-05-04,45.34.17.12,445,882,10:10:05
PortScan,Venezuela,2018-05-04,186.89.96.190,445,533,10:39:55
PortScan,Brazil,2018-05-04,179.126.142.248,445,108,10:39:56
PortScan,Brazil,2018-05-04,179.126.142.248,445,433,10:41:44
PortScan,Venezuela,2018-05-04,186.89.96.190,445,999,10:41:44
PortScan,Vietnam,2018-05-04,118.68.61.52,445,145,11:11:47
PortScan,Vietnam,2018-05-04,118.68.61.52,445,598,11:13:35
PortScan,United States,2018-05-04,196.52.43.86,445,640,11:30:52
PortScan,Saudi Arabia,2018-05-04,5.108.143.27,445,301,11:53:20
PortScan,Saudi Arabia,2018-05-04,5.108.143.27,445,404,11:55:11
PortScan,Vietnam,2018-05-04,117.6.55.182,445,170,12:09:33
PortScan,Vietnam,2018-05-04,117.6.55.182,445,023,12:11:22
PortScan,Ireland,2018-05-04,185.234.217.61,25,018,12:30:12
PortScan,Egypt,2018-05-04,164.160.104.35,445,904,13:24:34
PortScan,Egypt,2018-05-04,164.160.104.35,445,515,13:26:24
PortScan,United States,2018-05-04,107.189.52.4,445,049,13:38:06
MYDOOM_STAGE1,China,2018-05-04,60.191.38.77,1080,980,13:52:02
MYDOOM_STAGE1,China,2018-05-04,60.191.38.77,1080,017,13:52:03
PortScan,Turkey,2018-05-04,78.186.197.49,445,593,14:45:37
PortScan,Turkey,2018-05-04,78.186.197.49,445,219,14:47:26
PortScan,Turkey,2018-05-04,185.136.204.222,445,834,15:25:44
IMAIL_STAGE2,Seychelles,2018-05-04,89.248.169.103,25,797,15:43:49
PortScan,Japan,2018-05-04,139.162.109.245,143,604,15:44:31
IIS_STAGE1,China,2018-05-04,27.193.62.218,443,916,16:49:22
IIS_STAGE1,China,2018-05-04,27.193.62.218,443,815,16:49:23
IIS_STAGE1,China,2018-05-04,27.193.62.218,443,261,16:49:24
"SLMAIL_STAGE1, MDAEMON_STAGE1",United States,2018-05-04,196.52.43.115,110,873,17:28:58
"SLMAIL_STAGE1, MDAEMON_STAGE1",United States,2018-05-04,196.52.43.84,110,692,17:31:31
"SLMAIL_STAGE1, MDAEMON_STAGE1",United States,2018-05-04,107.170.235.15,110,238,17:58:07
PortScan,Turkey,2018-04-24,92.45.79.250,445,013,14:11:55
PortScan,Turkey,2018-04-24,92.45.79.250,445,888,14:13:43
PortScan,Vietnam,2018-04-24,42.113.163.229,445,276,14:29:32
"SLMAIL_STAGE1, MDAEMON_STAGE1",China,2018-04-25,125.64.94.200,110,237,11:37:00
PortScan,Russian Federation,2018-04-25,85.192.189.31,445,364,12:08:30
PortScan,United States,2018-04-25,139.60.160.160,5000,096,13:10:39
PortScan,China,2018-04-25,103.80.24.18,445,598,14:15:09
PortScan,Brazil,2018-04-25,187.113.233.153,445,774,14:18:02
PortScan,Brazil,2018-04-25,187.113.233.153,445,852,14:19:53
PortScan,Venezuela,2018-04-25,190.199.91.45,445,804,14:33:18
PortScan,Venezuela,2018-04-25,190.199.91.45,445,145,14:35:08
"SLMAIL_STAGE1, MDAEMON_STAGE1",China,2018-04-25,60.191.38.77,110,144,17:13:52
PortScan,Thailand,2018-04-25,113.53.43.164,445,618,17:22:47
PortScan,Mexico,2018-04-25,200.53.179.246,445,375,17:54:21
PortScan,Mexico,2018-04-25,200.53.179.246,445,308,17:56:12
PortScan,Mexico,2018-04-25,200.53.179.246,445,724,17:56:23
PortScan,Mexico,2018-04-25,200.53.179.246,445,782,17:58:23
PortScan,Philippines,2018-04-25,122.3.179.225,445,041,18:25:15
PortScan,United Kingdom,2018-04-25,77.111.216.18,445,886,20:07:51
PortScan,United Kingdom,2018-04-25,77.111.216.18,445,197,20:09:40
PortScan,Taiwan,2018-04-25,114.46.143.162,445,721,20:54:18
PortScan,Taiwan,2018-04-25,114.46.143.162,445,741,20:56:09
PortScan,Vietnam,2018-04-25,14.226.174.11,445,488,21:14:14
PortScan,Vietnam,2018-04-25,14.226.174.11,445,603,21:16:05
PortScan,Indonesia,2018-04-25,36.71.243.82,445,526,22:33:48
IMAIL_STAGE1,Taiwan,2018-04-25,211.23.154.138,25,472,22:51:37
PortScan,Indonesia,2018-04-25,36.74.134.29,445,006,23:22:54
PortScan,Indonesia,2018-04-25,36.74.134.29,445,507,23:24:42
PortScan,China,2018-05-11,183.49.85.191,445,311,00:10:16
PortScan,Indonesia,2018-05-11,125.161.96.19,445,103,00:36:51
PortScan,Indonesia,2018-05-11,125.161.96.19,445,627,00:38:39
PortScan,Indonesia,2018-05-11,36.81.16.195,445,619,00:57:57
PortScan,Vietnam,2018-05-11,27.72.41.216,445,095,00:58:02
PortScan,Indonesia,2018-05-11,36.81.16.195,445,119,00:59:46
PortScan,Vietnam,2018-05-11,27.72.41.216,445,452,00:59:50
PortScan,Vietnam,2018-05-11,14.187.7.116,445,197,01:11:04
PortScan,Vietnam,2018-05-11,14.187.7.116,445,649,01:12:52
PortScan,Sri Lanka,2018-05-11,112.135.126.62,445,791,01:21:03
PortScan,Vietnam,2018-05-11,14.187.7.116,445,710,01:22:35
PortScan,Sri Lanka,2018-05-11,112.135.126.62,445,736,01:22:54
PortScan,United States,2018-05-11,107.170.229.147,3128,273,03:43:08
PortScan,United States,2018-05-11,196.52.43.89,445,619,04:09:26
PortScan,India,2018-05-11,157.42.155.41,445,016,04:10:34
PortScan,United States,2018-05-11,199.19.104.176,445,095,04:11:37
PortScan,Thailand,2018-05-11,184.22.36.28,445,421,04:54:37
PortScan,Thailand,2018-05-11,184.22.36.28,445,307,04:56:28
PortScan,Indonesia,2018-05-11,36.84.0.74,445,054,04:56:31
PortScan,Vietnam,2018-05-11,42.112.94.65,445,508,05:08:50
PortScan,Vietnam,2018-05-11,42.112.94.65,445,597,05:10:41
PortScan,United States,2018-05-11,107.84.29.15,445,494,05:24:55
PortScan,Venezuela,2018-05-11,186.95.4.184,445,876,07:56:01
PortScan,Venezuela,2018-05-11,186.95.4.184,445,837,07:57:52
PortScan,United States,2018-05-11,107.170.229.77,5000,679,08:50:41
PortScan,United States,2018-05-11,196.52.43.94,139,350,08:54:49
PortScan,Canada,2018-05-11,207.134.5.126,445,374,08:59:33
PortScan,Canada,2018-05-11,207.134.5.126,445,295,09:01:24
PortScan,India,2018-05-11,1.6.44.38,445,529,09:12:11
PortScan,India,2018-05-11,1.6.44.38,445,201,09:14:01
PortScan,Turkey,2018-05-11,212.154.17.10,445,991,09:25:05
PortScan,Turkey,2018-05-11,212.154.17.10,445,597,09:26:55
PortScan,Uzbekistan,2018-05-11,93.170.208.123,445,025,10:26:11
PortScan,Uzbekistan,2018-05-11,93.170.208.123,445,923,10:28:01
"SLMAIL_STAGE1, MDAEMON_STAGE1",United States,2018-05-11,196.52.43.102,110,903,11:18:39
"SLMAIL_STAGE1, MDAEMON_STAGE1",United States,2018-05-11,196.52.43.66,110,062,11:31:20
PortScan,United States,2018-05-11,196.52.43.64,139,900,11:50:18
PortScan,India,2018-05-11,103.50.153.27,445,947,12:45:54
PortScan,India,2018-05-11,103.50.153.27,445,398,12:47:43
,United Kingdom,2018-05-08,77.72.83.153,33369,713,19:20:26
PortScan,Indonesia,2018-05-10,202.43.249.228,445,936,18:36:55
PortScan,Mexico,2018-05-10,187.199.12.173,445,057,20:00:52
PortScan,Mexico,2018-05-10,187.199.12.173,445,912,20:02:41
PortScan,Indonesia,2018-05-10,180.247.192.112,445,639,20:15:43
PortScan,Indonesia,2018-05-10,180.247.192.112,445,773,20:17:34
IIS_STAGE1,United States,2018-05-10,141.212.122.32,443,075,20:45:10
PortScan,Taiwan,2018-05-10,1.172.177.56,445,985,20:46:13
PortScan,Taiwan,2018-05-10,1.172.177.56,445,352,20:48:02
PortScan,United States,2018-05-10,8.12.17.6,445,106,20:51:50
PortScan,United States,2018-05-10,8.12.17.6,445,017,20:53:41
PortScan,United States,2018-05-10,196.52.43.98,143,343,21:43:06
PortScan,Philippines,2018-05-10,49.150.226.201,445,072,23:10:08
PortScan,Philippines,2018-05-10,49.150.226.201,445,413,23:11:56
PortScan,"Korea, Republic of",2018-05-10,115.144.178.58,445,951,23:35:13
PortScan,"Korea, Republic of",2018-05-10,115.144.178.58,445,509,23:37:02
PortScan,China,2018-05-10,125.71.201.50,445,678,23:43:02
PortScan,China,2018-05-10,125.71.201.50,445,823,23:44:53
PortScan,Vietnam,2018-04-29,113.160.172.77,445,771,12:55:06
PortScan,Vietnam,2018-04-29,113.160.172.77,445,630,12:56:55
PortScan,Russian Federation,2018-04-29,62.33.107.103,445,572,14:13:27
PortScan,Russian Federation,2018-04-29,62.33.107.103,445,112,14:15:16
PortScan,India,2018-04-29,183.82.131.92,445,348,14:58:39
PortScan,Venezuela,2018-04-29,190.206.162.196,445,082,15:09:48
PortScan,Venezuela,2018-04-29,190.206.162.196,445,078,15:11:39
PortScan,Venezuela,2018-04-29,190.206.162.196,445,042,15:15:48
PortScan,Russian Federation,2018-04-29,93.81.220.55,445,390,15:37:43
PortScan,Indonesia,2018-04-29,203.130.240.98,445,664,17:16:36
PortScan,Indonesia,2018-04-29,36.84.63.45,445,281,17:40:44
PortScan,Seychelles,2018-04-29,89.248.172.90,3128,526,18:27:09
MYDOOM_STAGE1,Seychelles,2018-04-29,89.248.172.90,3128,823,18:27:22
MYDOOM_STAGE1,Seychelles,2018-04-29,89.248.172.90,3128,302,18:27:23
MYDOOM_STAGE1,Seychelles,2018-04-29,89.248.172.90,3128,778,18:27:23
PortScan,Russian Federation,2018-04-29,176.196.216.58,445,355,19:00:31
PortScan,Russian Federation,2018-04-29,176.196.216.58,445,751,19:02:19
PortScan,India,2018-04-29,103.6.33.130,445,774,23:32:37
PortScan,India,2018-04-29,103.6.33.130,445,172,23:34:26
PortScan,Brazil,2018-05-04,187.120.222.2,445,603,00:18:55
PortScan,Brazil,2018-05-04,187.120.222.2,445,096,00:20:45
PortScan,India,2018-05-04,122.176.161.28,445,046,00:27:58
PortScan,India,2018-05-04,122.176.161.28,445,783,00:29:47
PortScan,Bangladesh,2018-05-04,103.84.38.158,445,238,00:33:15
PortScan,Bangladesh,2018-05-04,103.84.38.158,445,685,00:35:03
PortScan,Bangladesh,2018-05-04,103.84.38.158,445,808,00:35:45
PortScan,Bangladesh,2018-05-04,103.84.38.158,445,776,00:37:36
PortScan,Russian Federation,2018-05-04,188.244.6.96,445,668,00:47:34
PortScan,Russian Federation,2018-05-04,188.244.6.96,445,463,00:49:25
"SLMAIL_STAGE1, MDAEMON_STAGE1",Seychelles,2018-05-04,80.82.70.118,110,526,00:52:37
IMAIL_STAGE1,Costa Rica,2018-05-04,143.137.151.100,25,715,01:02:23
PortScan,Philippines,2018-05-04,124.106.83.114,445,299,01:52:48
PortScan,Russian Federation,2018-05-04,178.161.128.246,445,117,01:53:03
PortScan,Philippines,2018-05-04,124.106.83.114,445,641,01:54:36
PortScan,Russian Federation,2018-05-04,178.161.128.246,445,154,01:54:54
PortScan,Japan,2018-05-04,139.162.102.46,3128,856,02:04:25
MYDOOM_STAGE1,Japan,2018-05-04,139.162.102.46,3128,996,02:04:25
PortScan,Russian Federation,2018-05-04,178.161.128.246,445,502,02:09:03
PortScan,Russian Federation,2018-05-04,178.161.128.246,445,542,02:10:54
PortScan,Russian Federation,2018-05-04,85.95.162.21,445,865,02:49:13
PortScan,Russian Federation,2018-05-04,85.95.162.21,445,619,02:51:02
PortScan,United States,2018-05-04,196.52.43.59,143,905,03:38:29
PortScan,Vietnam,2018-05-04,1.55.46.191,445,592,04:20:15
PortScan,Vietnam,2018-05-04,1.55.46.191,445,964,04:22:03
PortScan,India,2018-05-04,103.216.236.92,445,289,04:33:41
PortScan,India,2018-05-04,103.216.236.92,445,956,04:35:30
PortScan,Venezuela,2018-05-04,200.93.83.133,445,734,05:01:42
PortScan,Venezuela,2018-05-04,200.93.83.133,445,832,05:03:33
PortScan,Taiwan,2018-05-04,122.121.232.101,445,795,05:27:13
PortScan,Taiwan,2018-05-04,122.121.232.101,445,202,05:29:02
PortScan,Vietnam,2018-05-04,14.162.145.110,445,718,06:04:10
PortScan,Vietnam,2018-05-04,14.162.145.110,445,363,06:05:59
PortScan,Iraq,2018-05-04,89.46.203.226,445,804,06:09:47
PortScan,Iraq,2018-05-04,89.46.203.226,445,911,06:11:38
PortScan,United States,2018-05-04,196.52.43.97,139,237,06:24:29
PortScan,Hong Kong,2018-05-04,164.52.24.142,445,570,06:47:24
PortScan,Kyrgyzstan,2018-05-04,89.237.195.69,445,607,07:09:03
PortScan,United States,2018-05-04,196.52.43.52,5000,875,07:51:26
PortScan,Dominican Republic,2018-05-04,186.150.207.207,445,472,08:07:02
PortScan,Dominican Republic,2018-05-04,186.150.207.207,445,377,08:08:53
PortScan,India,2018-05-04,103.103.52.142,445,273,08:15:24
PortScan,India,2018-05-04,103.103.52.142,445,037,08:17:14
PortScan,Nigeria,2018-05-04,197.255.160.239,445,643,08:24:21
PortScan,Nigeria,2018-05-04,197.255.160.239,445,272,08:26:11
PortScan,India,2018-05-04,117.254.84.122,445,395,09:45:16
PortScan,United States,2018-05-04,45.34.17.12,445,882,10:10:05
PortScan,Venezuela,2018-05-04,186.89.96.190,445,533,10:39:55
PortScan,Brazil,2018-05-04,179.126.142.248,445,108,10:39:56
PortScan,Brazil,2018-05-04,179.126.142.248,445,433,10:41:44
PortScan,Venezuela,2018-05-04,186.89.96.190,445,999,10:41:44
PortScan,Vietnam,2018-05-04,118.68.61.52,445,145,11:11:47
PortScan,Vietnam,2018-05-04,118.68.61.52,445,598,11:13:35
PortScan,United States,2018-05-04,196.52.43.86,445,640,11:30:52
PortScan,Saudi Arabia,2018-05-04,5.108.143.27,445,301,11:53:20
PortScan,Saudi Arabia,2018-05-04,5.108.143.27,445,404,11:55:11
PortScan,Vietnam,2018-05-04,117.6.55.182,445,170,12:09:33
PortScan,Vietnam,2018-05-04,117.6.55.182,445,023,12:11:22
PortScan,Ireland,2018-05-04,185.234.217.61,25,018,12:30:12
PortScan,Egypt,2018-05-04,164.160.104.35,445,904,13:24:34
PortScan,Egypt,2018-05-04,164.160.104.35,445,515,13:26:24
PortScan,United States,2018-05-04,107.189.52.4,445,049,13:38:06
MYDOOM_STAGE1,China,2018-05-04,60.191.38.77,1080,980,13:52:02
MYDOOM_STAGE1,China,2018-05-04,60.191.38.77,1080,017,13:52:03
PortScan,Turkey,2018-05-04,78.186.197.49,445,593,14:45:37
PortScan,Turkey,2018-05-04,78.186.197.49,445,219,14:47:26
PortScan,Turkey,2018-05-04,185.136.204.222,445,834,15:25:44
IMAIL_STAGE2,Seychelles,2018-05-04,89.248.169.103,25,797,15:43:49
PortScan,Japan,2018-05-04,139.162.109.245,143,604,15:44:31
IIS_STAGE1,China,2018-05-04,27.193.62.218,443,916,16:49:22
IIS_STAGE1,China,2018-05-04,27.193.62.218,443,815,16:49:23
IIS_STAGE1,China,2018-05-04,27.193.62.218,443,261,16:49:24
"SLMAIL_STAGE1, MDAEMON_STAGE1",United States,2018-05-04,196.52.43.115,110,873,17:28:58
"SLMAIL_STAGE1, MDAEMON_STAGE1",United States,2018-05-04,196.52.43.84,110,692,17:31:31
"SLMAIL_STAGE1, MDAEMON_STAGE1",United States,2018-05-04,107.170.235.15,110,238,17:58:07
